,기간,자치구,동,계,1인가구,2인가구,3인가구,4인가구,5인가구,6인이상가구
1,2010,합계,합계,3504297.0,854606.0,781527.0,788115.0,807836.0,209061.0,63152.0
3,2010,종로구,사직동,3442.0,1033.0,865.0,720.0,585.0,180.0,59.0
4,2010,종로구,삼청동,1048.0,271.0,263.0,219.0,168.0,86.0,41.0
5,2010,종로구,부암동,3424.0,693.0,813.0,758.0,808.0,243.0,109.0
6,2010,종로구,평창동,5758.0,918.0,1338.0,1423.0,1429.0,462.0,188.0
7,2010,종로구,무악동,2715.0,482.0,620.0,654.0,701.0,198.0,60.0
8,2010,종로구,교남동,3156.0,1032.0,767.0,620.0,531.0,149.0,57.0
9,2010,종로구,가회동,1855.0,507.0,469.0,369.0,345.0,114.0,51.0
10,2010,종로구,종로1.2.3.4가동,3086.0,1873.0,560.0,314.0,249.0,65.0,25.0
11,2010,종로구,종로5·6가동,1928.0,735.0,372.0,358.0,336.0,88.0,39.0
12,2010,종로구,이화동,3518.0,1345.0,796.0,593.0,567.0,172.0,45.0
13,2010,종로구,혜화동,4882.0,1983.0,1110.0,767.0,721.0,214.0,87.0
14,2010,종로구,명륜3가동,3045.0,1703.0,589.0,364.0,277.0,75.0,37.0
15,2010,종로구,창신1동,2449.0,982.0,573.0,400.0,362.0,104.0,28.0
16,2010,종로구,창신2동,3818.0,1040.0,875.0,775.0,806.0,251.0,71.0
17,2010,종로구,창신3동,2674.0,425.0,596.0,676.0,696.0,222.0,59.0
18,2010,종로구,숭인1동,2734.0,775.0,659.0,579.0,530.0,155.0,36.0
19,2010,종로구,숭인2동,3610.0,1432.0,811.0,615.0,545.0,161.0,46.0
20,2010,종로구,청운효자동,4665.0,927.0,997.0,1051.0,1176.0,376.0,138.0
22,2010,중구,소공동,274.0,99.0,80.0,56.0,29.0,8.0,2.0
23,2010,중구,회현동,2096.0,1180.0,338.0,262.0,236.0,56.0,24.0
24,2010,중구,명동,969.0,505.0,205.0,118.0,88.0,36.0,17.0
25,2010,중구,필동,1356.0,446.0,316.0,295.0,219.0,67.0,13.0
26,2010,중구,장충동,2426.0,1158.0,570.0,291.0,274.0,109.0,24.0
27,2010,중구,광희동,1854.0,730.0,415.0,342.0,275.0,71.0,21.0
28,2010,중구,을지로동,767.0,546.0,111.0,52.0,37.0,18.0,3.0
29,2010,중구,신당1동,2872.0,1021.0,690.0,515.0,477.0,130.0,39.0
30,2010,중구,신당2동,5725.0,1391.0,1481.0,1297.0,1093.0,333.0,130.0
31,2010,중구,신당3동,7014.0,1570.0,1849.0,1752.0,1361.0,359.0,123.0
32,2010,중구,신당4동,5559.0,1195.0,1367.0,1263.0,1280.0,354.0,100.0
33,2010,중구,신당5동,2750.0,812.0,657.0,570.0,520.0,139.0,52.0
34,2010,중구,신당6동,2891.0,441.0,603.0,708.0,788.0,257.0,94.0
35,2010,중구,황학동,4661.0,1505.0,1177.0,947.0,755.0,223.0,54.0
36,2010,중구,중림동,4442.0,1310.0,1098.0,889.0,797.0,266.0,82.0
38,2010,용산구,후암동,6606.0,1804.0,1562.0,1413.0,1331.0,367.0,129.0
39,2010,용산구,용산2가동,4722.0,1251.0,1240.0,1078.0,842.0,243.0,68.0
40,2010,용산구,남영동,3738.0,2287.0,652.0,386.0,284.0,97.0,32.0
41,2010,용산구,원효로2동,5271.0,1027.0,1228.0,1279.0,1328.0,317.0,92.0
42,2010,용산구,효창동,3788.0,749.0,962.0,869.0,858.0,252.0,98.0
43,2010,용산구,용문동,4379.0,800.0,1058.0,1166.0,979.0,288.0,88.0
44,2010,용산구,이촌1동,8475.0,1058.0,2055.0,2394.0,2321.0,515.0,132.0
45,2010,용산구,이촌2동,3360.0,617.0,846.0,851.0,787.0,206.0,53.0
46,2010,용산구,이태원1동,3174.0,1097.0,863.0,597.0,447.0,123.0,47.0
47,2010,용산구,이태원2동,3998.0,1239.0,1057.0,798.0,651.0,190.0,63.0
48,2010,용산구,서빙고동,3778.0,788.0,1040.0,871.0,811.0,222.0,46.0
49,2010,용산구,보광동,6939.0,2327.0,1796.0,1326.0,1087.0,316.0,87.0
50,2010,용산구,청파동,8813.0,3238.0,2052.0,1572.0,1390.0,432.0,129.0
51,2010,용산구,원효로1동,4045.0,1242.0,1066.0,850.0,655.0,176.0,56.0
52,2010,용산구,한강로동,6681.0,2935.0,1598.0,1060.0,837.0,201.0,50.0
53,2010,용산구,한남동,8703.0,3387.0,2301.0,1478.0,1113.0,335.0,89.0
55,2010,성동구,왕십리2동,6346.0,1415.0,1385.0,1513.0,1506.0,387.0,140.0
56,2010,성동구,마장동,8403.0,1789.0,1882.0,1843.0,2138.0,566.0,185.0
57,2010,성동구,사근동,5493.0,3094.0,932.0,604.0,616.0,171.0,76.0
58,2010,성동구,행당1동,6434.0,1786.0,1586.0,1275.0,1315.0,355.0,117.0
59,2010,성동구,행당2동,8178.0,1059.0,1959.0,2181.0,2320.0,513.0,146.0
60,2010,성동구,응봉동,5552.0,829.0,1263.0,1463.0,1457.0,398.0,142.0
61,2010,성동구,금호1가동,5328.0,1036.0,1280.0,1288.0,1258.0,349.0,117.0
62,2010,성동구,금호4가동,5172.0,1033.0,1331.0,1306.0,1161.0,271.0,70.0
63,2010,성동구,성수1가1동,6322.0,1610.0,1359.0,1367.0,1522.0,360.0,104.0
64,2010,성동구,성수1가2동,6921.0,1918.0,1725.0,1443.0,1396.0,322.0,117.0
65,2010,성동구,성수2가1동,7314.0,2030.0,1617.0,1566.0,1555.0,420.0,126.0
66,2010,성동구,성수2가3동,4096.0,1076.0,908.0,884.0,897.0,242.0,89.0
67,2010,성동구,송정동,4941.0,1699.0,1127.0,910.0,919.0,214.0,72.0
68,2010,성동구,용답동,6228.0,1857.0,1519.0,1269.0,1192.0,304.0,87.0
69,2010,성동구,왕십리도선동,4578.0,1399.0,1072.0,867.0,878.0,268.0,94.0
70,2010,성동구,금호2.3가동,7469.0,1642.0,1865.0,1703.0,1648.0,459.0,152.0
71,2010,성동구,옥수동,8339.0,1769.0,2240.0,1989.0,1734.0,471.0,136.0
73,2010,광진구,화양동,11981.0,6712.0,2696.0,1196.0,1009.0,300.0,68.0
74,2010,광진구,군자동,8932.0,3350.0,2125.0,1559.0,1430.0,355.0,113.0
75,2010,광진구,중곡1동,6236.0,1821.0,1564.0,1334.0,1142.0,280.0,95.0
76,2010,광진구,중곡2동,7716.0,1725.0,1827.0,1821.0,1759.0,443.0,141.0
77,2010,광진구,중곡3동,6857.0,1835.0,1610.0,1456.0,1473.0,376.0,107.0
78,2010,광진구,중곡4동,10333.0,1991.0,2295.0,2559.0,2601.0,666.0,221.0
79,2010,광진구,능동,4686.0,1848.0,1133.0,818.0,658.0,157.0,72.0
80,2010,광진구,구의1동,9227.0,3200.0,2287.0,1759.0,1479.0,386.0,116.0
81,2010,광진구,구의2동,8708.0,1796.0,2017.0,2062.0,2040.0,586.0,207.0
82,2010,광진구,구의3동,9926.0,1789.0,2218.0,2512.0,2641.0,600.0,166.0
83,2010,광진구,광장동,10033.0,937.0,1656.0,2563.0,3800.0,880.0,197.0
84,2010,광진구,자양1동,9103.0,2701.0,2292.0,1855.0,1683.0,413.0,159.0
85,2010,광진구,자양2동,9533.0,1906.0,2064.0,2311.0,2413.0,635.0,204.0
86,2010,광진구,자양3동,9879.0,1463.0,1925.0,2512.0,3031.0,755.0,193.0
87,2010,광진구,자양4동,10318.0,3337.0,2604.0,1987.0,1822.0,428.0,140.0
89,2010,동대문구,회기동,5040.0,2532.0,989.0,687.0,607.0,167.0,58.0
90,2010,동대문구,휘경1동,7088.0,2809.0,1569.0,1205.0,1117.0,281.0,107.0
91,2010,동대문구,휘경2동,8905.0,2458.0,1919.0,1799.0,2006.0,533.0,190.0
92,2010,동대문구,청량리동,8439.0,2076.0,2182.0,1909.0,1587.0,488.0,197.0
93,2010,동대문구,용신동,11494.0,4126.0,2599.0,2116.0,1947.0,531.0,175.0
94,2010,동대문구,제기동,10546.0,3749.0,2394.0,1941.0,1755.0,538.0,169.0
95,2010,동대문구,전농1동,9377.0,2813.0,2117.0,1951.0,1781.0,549.0,166.0
96,2010,동대문구,전농2동,5925.0,798.0,1376.0,1495.0,1635.0,435.0,186.0
97,2010,동대문구,답십리1동,7026.0,1854.0,1690.0,1472.0,1422.0,428.0,160.0
98,2010,동대문구,답십리2동,10299.0,1709.0,2259.0,2600.0,2719.0,724.0,288.0
99,2010,동대문구,장안1동,11874.0,2453.0,2510.0,2860.0,2917.0,843.0,291.0
100,2010,동대문구,장안2동,10124.0,1749.0,1999.0,2591.0,2814.0,737.0,234.0
101,2010,동대문구,이문1동,14094.0,6252.0,2919.0,2188.0,1986.0,564.0,185.0
102,2010,동대문구,이문2동,7811.0,1519.0,1656.0,1889.0,1985.0,590.0,172.0
104,2010,중랑구,면목2동,10089.0,2572.0,2368.0,2259.0,2129.0,585.0,176.0
105,2010,중랑구,면목4동,8169.0,1986.0,1912.0,1934.0,1724.0,466.0,147.0
106,2010,중랑구,면목5동,5033.0,1267.0,1173.0,1189.0,1030.0,284.0,90.0
107,2010,중랑구,면목7동,8921.0,2088.0,1970.0,2144.0,2038.0,526.0,155.0
108,2010,중랑구,상봉1동,8036.0,1186.0,1659.0,1961.0,2461.0,566.0,203.0
109,2010,중랑구,상봉2동,7143.0,2380.0,1769.0,1460.0,1122.0,322.0,90.0
110,2010,중랑구,중화1동,7117.0,1187.0,1654.0,1817.0,1845.0,460.0,154.0
111,2010,중랑구,중화2동,12131.0,4070.0,2962.0,2354.0,2036.0,553.0,156.0
112,2010,중랑구,묵1동,10876.0,1719.0,2331.0,2841.0,2883.0,867.0,235.0
113,2010,중랑구,묵2동,7100.0,1758.0,1733.0,1566.0,1535.0,405.0,103.0
114,2010,중랑구,망우3동,6775.0,1664.0,1609.0,1552.0,1461.0,366.0,123.0
115,2010,중랑구,신내1동,9430.0,956.0,1721.0,2520.0,3127.0,829.0,277.0
116,2010,중랑구,신내2동,8623.0,1505.0,1977.0,2172.0,2279.0,542.0,148.0
117,2010,중랑구,면목본동,13356.0,3625.0,3284.0,2930.0,2648.0,664.0,205.0
118,2010,중랑구,면목3.8동,10724.0,2729.0,2629.0,2413.0,2298.0,486.0,169.0
119,2010,중랑구,망우본동,11428.0,2632.0,2718.0,2641.0,2513.0,710.0,214.0
121,2010,성북구,돈암1동,5396.0,906.0,1331.0,1367.0,1332.0,349.0,111.0
122,2010,성북구,돈암2동,7281.0,824.0,1484.0,1955.0,2214.0,608.0,196.0
123,2010,성북구,안암동,8267.0,4295.0,1609.0,1011.0,1015.0,264.0,73.0
124,2010,성북구,보문동,5751.0,1820.0,1366.0,1101.0,1048.0,320.0,96.0
125,2010,성북구,정릉1동,6563.0,1077.0,1421.0,1656.0,1765.0,470.0,174.0
126,2010,성북구,정릉2동,7735.0,1210.0,1726.0,2026.0,2051.0,521.0,201.0
127,2010,성북구,정릉3동,6559.0,2154.0,1462.0,1238.0,1189.0,372.0,144.0
128,2010,성북구,정릉4동,8836.0,1336.0,2075.0,2307.0,2322.0,605.0,191.0
129,2010,성북구,길음1동,10679.0,1186.0,2312.0,2942.0,3220.0,784.0,235.0
130,2010,성북구,길음2동,6694.0,1516.0,1631.0,1581.0,1437.0,390.0,139.0
131,2010,성북구,월곡1동,9279.0,1528.0,2073.0,2323.0,2554.0,607.0,194.0
132,2010,성북구,월곡2동,7661.0,1992.0,1691.0,1720.0,1661.0,471.0,126.0
133,2010,성북구,장위1동,8464.0,1558.0,1931.0,2083.0,2098.0,572.0,222.0
134,2010,성북구,장위2동,7573.0,1555.0,1735.0,1852.0,1780.0,497.0,154.0
135,2010,성북구,장위3동,6391.0,1363.0,1449.0,1506.0,1487.0,439.0,147.0
136,2010,성북구,성북동,6326.0,1803.0,1573.0,1204.0,1211.0,408.0,127.0
137,2010,성북구,삼선동,9564.0,2897.0,2069.0,1987.0,1913.0,525.0,173.0
138,2010,성북구,동선동,6556.0,2894.0,1441.0,977.0,898.0,245.0,101.0
139,2010,성북구,종암동,14284.0,3695.0,2934.0,3149.0,3365.0,877.0,264.0
140,2010,성북구,석관동,13037.0,3043.0,3032.0,3113.0,2857.0,789.0,203.0
142,2010,강북구,번1동,8316.0,2896.0,1981.0,1583.0,1372.0,362.0,122.0
143,2010,강북구,번2동,7021.0,1318.0,1837.0,1757.0,1592.0,414.0,103.0
144,2010,강북구,번3동,7292.0,1215.0,1830.0,1914.0,1715.0,463.0,155.0
145,2010,강북구,수유1동,7857.0,1760.0,1915.0,1876.0,1660.0,468.0,178.0
146,2010,강북구,수유2동,7827.0,1472.0,1932.0,1995.0,1711.0,516.0,201.0
147,2010,강북구,수유3동,9088.0,2793.0,2253.0,1961.0,1481.0,447.0,153.0
148,2010,강북구,삼양동,10701.0,2250.0,2531.0,2652.0,2378.0,663.0,227.0
149,2010,강북구,미아동,8384.0,2038.0,2078.0,2036.0,1643.0,433.0,156.0
150,2010,강북구,송중동,11935.0,2692.0,2925.0,2737.0,2572.0,774.0,235.0
151,2010,강북구,송천동,11350.0,2986.0,2748.0,2485.0,2345.0,576.0,210.0
152,2010,강북구,삼각산동,9408.0,1192.0,1917.0,2422.0,2954.0,693.0,230.0
153,2010,강북구,우이동,6862.0,1290.0,1657.0,1702.0,1549.0,470.0,194.0
154,2010,강북구,인수동,11031.0,2152.0,2699.0,2773.0,2516.0,655.0,236.0
156,2010,도봉구,쌍문1동,7285.0,1500.0,1626.0,1770.0,1740.0,477.0,172.0
157,2010,도봉구,쌍문2동,7107.0,1357.0,1688.0,1754.0,1781.0,399.0,128.0
158,2010,도봉구,쌍문3동,6468.0,1464.0,1532.0,1546.0,1429.0,366.0,131.0
159,2010,도봉구,쌍문4동,6713.0,955.0,1193.0,1764.0,2177.0,506.0,118.0
160,2010,도봉구,방학1동,10617.0,2044.0,2390.0,2639.0,2641.0,700.0,203.0
161,2010,도봉구,방학2동,7877.0,1529.0,1871.0,1894.0,1857.0,572.0,154.0
162,2010,도봉구,방학3동,9618.0,979.0,1800.0,2567.0,3317.0,736.0,219.0
163,2010,도봉구,창1동,9794.0,1944.0,2223.0,2468.0,2483.0,534.0,142.0
164,2010,도봉구,창2동,10355.0,1866.0,2359.0,2643.0,2573.0,687.0,227.0
165,2010,도봉구,창3동,5633.0,1281.0,1285.0,1336.0,1302.0,329.0,100.0
166,2010,도봉구,창4동,10012.0,1628.0,2052.0,2484.0,3026.0,660.0,162.0
167,2010,도봉구,창5동,8970.0,1273.0,1888.0,2406.0,2660.0,579.0,164.0
168,2010,도봉구,도봉1동,8304.0,1782.0,2211.0,1990.0,1690.0,475.0,156.0
169,2010,도봉구,도봉2동,10194.0,1631.0,2392.0,2649.0,2596.0,699.0,227.0
171,2010,노원구,월계1동,8214.0,1825.0,1902.0,1869.0,1909.0,546.0,163.0
172,2010,노원구,월계2동,11204.0,2328.0,2869.0,2716.0,2519.0,618.0,154.0
173,2010,노원구,월계3동,12506.0,2068.0,3177.0,3226.0,3134.0,707.0,194.0
174,2010,노원구,공릉2동,14230.0,2233.0,2644.0,3583.0,4465.0,1045.0,260.0
175,2010,노원구,하계1동,10214.0,2083.0,2215.0,2268.0,2863.0,624.0,161.0
176,2010,노원구,하계2동,7972.0,953.0,1475.0,2096.0,2751.0,584.0,113.0
177,2010,노원구,중계본동,8267.0,868.0,1174.0,1980.0,3199.0,818.0,228.0
178,2010,노원구,중계1동,8637.0,717.0,1141.0,2132.0,3764.0,735.0,148.0
179,2010,노원구,중계4동,7407.0,1187.0,1645.0,1834.0,2116.0,470.0,155.0
180,2010,노원구,상계1동,14000.0,2275.0,2848.0,3398.0,4062.0,1079.0,338.0
181,2010,노원구,상계2동,7028.0,1117.0,1342.0,1742.0,2153.0,536.0,138.0
182,2010,노원구,상계5동,8245.0,1578.0,1917.0,2033.0,2047.0,520.0,150.0
183,2010,노원구,상계8동,8958.0,1182.0,2111.0,2307.0,2716.0,544.0,98.0
184,2010,노원구,상계9동,8218.0,1179.0,1794.0,2154.0,2531.0,460.0,100.0
185,2010,노원구,상계10동,7193.0,1339.0,1718.0,1787.0,1865.0,390.0,94.0
186,2010,노원구,공릉1.3동,13898.0,3177.0,3231.0,3233.0,3171.0,851.0,235.0
187,2010,노원구,상계3.4동,13494.0,2858.0,3275.0,3180.0,3022.0,881.0,278.0
188,2010,노원구,상계6.7동,12883.0,2696.0,2860.0,3094.0,3484.0,639.0,110.0
189,2010,노원구,중계2.3동,14600.0,2627.0,3529.0,3705.0,3712.0,828.0,199.0
191,2010,은평구,녹번동,12619.0,3197.0,3193.0,2830.0,2544.0,620.0,235.0
192,2010,은평구,불광1동,12416.0,2411.0,3040.0,3047.0,2942.0,754.0,222.0
193,2010,은평구,갈현1동,8381.0,1548.0,1943.0,2128.0,2074.0,515.0,173.0
194,2010,은평구,갈현2동,8608.0,1320.0,1949.0,2176.0,2267.0,642.0,254.0
195,2010,은평구,구산동,9641.0,1339.0,2066.0,2552.0,2654.0,733.0,297.0
196,2010,은평구,대조동,10705.0,2583.0,2658.0,2470.0,2149.0,640.0,205.0
197,2010,은평구,응암1동,10764.0,2640.0,2525.0,2446.0,2326.0,627.0,200.0
198,2010,은평구,응암2동,6731.0,1666.0,1643.0,1463.0,1421.0,409.0,129.0
199,2010,은평구,신사1동,8681.0,1383.0,1936.0,2302.0,2208.0,659.0,193.0
200,2010,은평구,신사2동,7372.0,1194.0,1576.0,1939.0,1991.0,523.0,149.0
201,2010,은평구,증산동,6889.0,1126.0,1539.0,1731.0,1838.0,471.0,184.0
202,2010,은평구,수색동,6880.0,1373.0,1714.0,1654.0,1531.0,438.0,170.0
203,2010,은평구,진관동,10814.0,858.0,2060.0,2883.0,3428.0,1166.0,419.0
204,2010,은평구,불광2동,10461.0,2420.0,2573.0,2411.0,2271.0,584.0,202.0
205,2010,은평구,응암3동,9295.0,2205.0,2280.0,2115.0,1966.0,564.0,165.0
206,2010,은평구,역촌동,14666.0,2532.0,3358.0,3699.0,3671.0,1023.0,383.0
208,2010,서대문구,천연동,6915.0,1501.0,1703.0,1624.0,1570.0,402.0,115.0
209,2010,서대문구,홍제1동,9469.0,2037.0,2327.0,2187.0,2128.0,580.0,210.0
210,2010,서대문구,홍제3동,7031.0,1552.0,1715.0,1627.0,1575.0,399.0,163.0
211,2010,서대문구,홍제2동,5300.0,912.0,1288.0,1303.0,1335.0,355.0,107.0
212,2010,서대문구,홍은1동,8606.0,1538.0,1955.0,2082.0,2250.0,571.0,210.0
213,2010,서대문구,홍은2동,9767.0,2035.0,2262.0,2268.0,2287.0,651.0,264.0
214,2010,서대문구,남가좌1동,1133.0,268.0,265.0,225.0,279.0,78.0,18.0
215,2010,서대문구,남가좌2동,10815.0,2593.0,2511.0,2352.0,2481.0,641.0,237.0
216,2010,서대문구,북가좌1동,3230.0,433.0,805.0,780.0,864.0,250.0,98.0
217,2010,서대문구,북가좌2동,11352.0,1965.0,2558.0,2855.0,2856.0,834.0,284.0
218,2010,서대문구,충현동,8695.0,2684.0,2005.0,1719.0,1642.0,493.0,152.0
219,2010,서대문구,북아현동,5558.0,1545.0,1392.0,1189.0,1085.0,278.0,69.0
220,2010,서대문구,신촌동,8889.0,5225.0,1633.0,867.0,781.0,288.0,95.0
221,2010,서대문구,연희동,15941.0,5655.0,3407.0,2873.0,2813.0,871.0,322.0
223,2010,마포구,용강동,7692.0,2057.0,1811.0,1654.0,1656.0,387.0,127.0
224,2010,마포구,대흥동,7795.0,4295.0,1752.0,878.0,633.0,180.0,57.0
225,2010,마포구,염리동,6991.0,2201.0,1830.0,1396.0,1142.0,325.0,97.0
226,2010,마포구,신수동,7951.0,1892.0,1856.0,1822.0,1759.0,471.0,151.0
227,2010,마포구,서교동,14331.0,7484.0,3125.0,1761.0,1395.0,420.0,146.0
228,2010,마포구,합정동,7398.0,2065.0,2038.0,1513.0,1338.0,340.0,104.0
229,2010,마포구,망원1동,8593.0,2169.0,2173.0,1860.0,1736.0,485.0,170.0
230,2010,마포구,망원2동,7040.0,1277.0,1625.0,1766.0,1764.0,466.0,142.0
231,2010,마포구,연남동,7307.0,2248.0,1883.0,1500.0,1180.0,361.0,135.0
232,2010,마포구,성산1동,7181.0,1754.0,1682.0,1594.0,1584.0,409.0,158.0
233,2010,마포구,성산2동,13521.0,2206.0,3233.0,3373.0,3618.0,865.0,226.0
234,2010,마포구,상암동,8363.0,1025.0,1737.0,2161.0,2574.0,693.0,173.0
235,2010,마포구,도화동,7960.0,1725.0,1935.0,1929.0,1750.0,477.0,144.0
236,2010,마포구,서강동,10452.0,3543.0,2315.0,2044.0,1919.0,479.0,152.0
237,2010,마포구,공덕동,12605.0,3475.0,2954.0,2760.0,2567.0,645.0,204.0
238,2010,마포구,아현동,6222.0,1693.0,1585.0,1307.0,1227.0,320.0,90.0
240,2010,양천구,목1동,9463.0,855.0,1507.0,2576.0,3643.0,710.0,172.0
241,2010,양천구,목2동,9934.0,1756.0,2075.0,2454.0,2732.0,722.0,195.0
242,2010,양천구,목3동,7466.0,1472.0,1563.0,1913.0,1898.0,482.0,138.0
243,2010,양천구,목4동,8445.0,1255.0,1397.0,2004.0,2886.0,706.0,197.0
244,2010,양천구,신월1동,8574.0,2110.0,1984.0,1950.0,1862.0,517.0,151.0
245,2010,양천구,신월2동,6418.0,948.0,1289.0,1705.0,1813.0,508.0,155.0
246,2010,양천구,신월3동,6649.0,1884.0,1573.0,1401.0,1326.0,354.0,111.0
247,2010,양천구,신월4동,5636.0,587.0,1166.0,1479.0,1735.0,508.0,161.0
248,2010,양천구,신월5동,5063.0,887.0,1117.0,1272.0,1285.0,393.0,109.0
249,2010,양천구,신월6동,4372.0,723.0,904.0,1052.0,1248.0,355.0,90.0
250,2010,양천구,신월7동,8388.0,1215.0,2014.0,2208.0,2246.0,554.0,151.0
251,2010,양천구,신정1동,7262.0,1208.0,1276.0,1561.0,2485.0,594.0,138.0
252,2010,양천구,신정2동,6553.0,748.0,1023.0,1602.0,2446.0,604.0,130.0
253,2010,양천구,신정3동,15926.0,3037.0,3392.0,3876.0,4358.0,985.0,278.0
254,2010,양천구,신정6동,7711.0,591.0,1145.0,2054.0,3163.0,615.0,143.0
255,2010,양천구,신정7동,10718.0,1722.0,2196.0,2644.0,3299.0,681.0,176.0
256,2010,양천구,목5동,12954.0,1170.0,1774.0,3322.0,5409.0,1055.0,224.0
257,2010,양천구,신정4동,12707.0,3050.0,3045.0,2950.0,2680.0,765.0,217.0
259,2010,강서구,염창동,12307.0,1123.0,2048.0,3437.0,4428.0,1024.0,247.0
260,2010,강서구,등촌1동,7853.0,2295.0,1622.0,1603.0,1805.0,414.0,114.0
261,2010,강서구,등촌2동,7001.0,993.0,1429.0,1869.0,2055.0,503.0,152.0
262,2010,강서구,등촌3동,13703.0,3004.0,3588.0,3309.0,2997.0,659.0,146.0
263,2010,강서구,화곡본동,12658.0,2944.0,2977.0,3048.0,2743.0,744.0,202.0
264,2010,강서구,화곡2동,6903.0,1373.0,1572.0,1701.0,1632.0,468.0,157.0
265,2010,강서구,화곡3동,7627.0,1350.0,1490.0,1994.0,2034.0,581.0,178.0
266,2010,강서구,화곡4동,7734.0,1688.0,1795.0,1936.0,1677.0,511.0,127.0
267,2010,강서구,화곡6동,8313.0,1753.0,1756.0,2077.0,2044.0,519.0,164.0
268,2010,강서구,화곡8동,9364.0,1830.0,2301.0,2367.0,2116.0,559.0,191.0
269,2010,강서구,가양1동,6372.0,878.0,1272.0,1657.0,1979.0,450.0,136.0
270,2010,강서구,가양2동,7695.0,2557.0,2085.0,1661.0,1037.0,287.0,68.0
271,2010,강서구,가양3동,7351.0,1858.0,2020.0,1714.0,1352.0,338.0,69.0
272,2010,강서구,발산1동,9885.0,1156.0,1811.0,2484.0,3302.0,907.0,225.0
273,2010,강서구,공항동,7960.0,2537.0,1878.0,1691.0,1357.0,348.0,149.0
274,2010,강서구,방화1동,10069.0,1873.0,2220.0,2434.0,2662.0,669.0,211.0
275,2010,강서구,방화2동,9290.0,2497.0,2238.0,2027.0,1804.0,544.0,180.0
276,2010,강서구,방화3동,10646.0,3163.0,2587.0,2293.0,1977.0,500.0,126.0
277,2010,강서구,화곡1동,18686.0,5126.0,4227.0,4251.0,3717.0,1031.0,334.0
278,2010,강서구,우장산동,12212.0,1806.0,2229.0,3080.0,3929.0,909.0,259.0
280,2010,구로구,신도림동,11472.0,1263.0,2394.0,3223.0,3487.0,876.0,229.0
281,2010,구로구,구로1동,7462.0,1032.0,1514.0,1941.0,2326.0,528.0,121.0
282,2010,구로구,구로3동,12665.0,5755.0,2411.0,2075.0,1791.0,485.0,148.0
283,2010,구로구,구로4동,9274.0,1908.0,2651.0,2179.0,1892.0,488.0,156.0
284,2010,구로구,구로5동,10932.0,2402.0,2545.0,2562.0,2566.0,649.0,208.0
285,2010,구로구,고척1동,8207.0,1331.0,1716.0,2009.0,2349.0,615.0,187.0
286,2010,구로구,고척2동,9988.0,1790.0,2025.0,2564.0,2713.0,697.0,199.0
287,2010,구로구,개봉2동,10823.0,1230.0,2366.0,3021.0,3036.0,879.0,291.0
288,2010,구로구,개봉3동,7138.0,1075.0,1564.0,1887.0,1922.0,529.0,161.0
289,2010,구로구,오류1동,7340.0,1583.0,1794.0,1720.0,1614.0,466.0,163.0
290,2010,구로구,오류2동,9332.0,1580.0,2141.0,2323.0,2407.0,679.0,202.0
291,2010,구로구,수궁동,7793.0,1079.0,1786.0,2019.0,2108.0,610.0,191.0
292,2010,구로구,가리봉동,5722.0,2398.0,1277.0,1000.0,754.0,220.0,73.0
293,2010,구로구,구로2동,12516.0,3474.0,3272.0,2619.0,2291.0,622.0,238.0
294,2010,구로구,개봉1동,12014.0,2256.0,2729.0,2935.0,3106.0,778.0,210.0
296,2010,금천구,가산동,8689.0,4330.0,1572.0,1277.0,1126.0,293.0,91.0
297,2010,금천구,독산1동,12299.0,4118.0,2576.0,2355.0,2345.0,690.0,215.0
298,2010,금천구,독산2동,8418.0,2100.0,1931.0,1935.0,1863.0,455.0,134.0
299,2010,금천구,독산3동,10531.0,2809.0,2539.0,2313.0,2129.0,574.0,167.0
300,2010,금천구,독산4동,6868.0,1768.0,1635.0,1498.0,1449.0,401.0,117.0
301,2010,금천구,시흥1동,10986.0,2802.0,2653.0,2461.0,2406.0,512.0,152.0
302,2010,금천구,시흥2동,7950.0,953.0,1737.0,2124.0,2349.0,582.0,205.0
303,2010,금천구,시흥3동,4177.0,735.0,996.0,1063.0,1019.0,268.0,96.0
304,2010,금천구,시흥4동,8211.0,1687.0,1815.0,1927.0,2073.0,534.0,175.0
305,2010,금천구,시흥5동,8404.0,1972.0,1844.0,1894.0,1930.0,580.0,184.0
307,2010,영등포구,여의도동,10789.0,1676.0,2639.0,2876.0,2697.0,695.0,206.0
308,2010,영등포구,당산1동,7411.0,1989.0,1858.0,1589.0,1443.0,414.0,118.0
309,2010,영등포구,당산2동,11629.0,2866.0,2524.0,2592.0,2711.0,714.0,222.0
310,2010,영등포구,양평1동,6101.0,1540.0,1506.0,1469.0,1165.0,314.0,107.0
311,2010,영등포구,양평2동,6857.0,1188.0,1393.0,1678.0,1985.0,452.0,161.0
312,2010,영등포구,신길1동,8881.0,3318.0,2099.0,1554.0,1418.0,361.0,131.0
313,2010,영등포구,신길3동,6794.0,1650.0,1585.0,1475.0,1564.0,414.0,106.0
314,2010,영등포구,신길4동,4557.0,1094.0,1101.0,1042.0,984.0,270.0,66.0
315,2010,영등포구,신길5동,6056.0,1560.0,1446.0,1291.0,1325.0,333.0,101.0
316,2010,영등포구,신길6동,8542.0,1972.0,1998.0,1960.0,2018.0,470.0,124.0
317,2010,영등포구,신길7동,6038.0,1246.0,1290.0,1341.0,1638.0,437.0,86.0
318,2010,영등포구,대림1동,5750.0,1452.0,1338.0,1288.0,1250.0,328.0,94.0
319,2010,영등포구,대림2동,6505.0,1498.0,1783.0,1498.0,1283.0,335.0,108.0
320,2010,영등포구,대림3동,9437.0,1919.0,2225.0,2233.0,2294.0,591.0,175.0
321,2010,영등포구,영등포본동,9028.0,2390.0,2036.0,1943.0,1957.0,553.0,149.0
322,2010,영등포구,영등포동,6582.0,2963.0,1218.0,1075.0,917.0,298.0,111.0
323,2010,영등포구,도림동,7106.0,2177.0,1857.0,1504.0,1137.0,312.0,119.0
324,2010,영등포구,문래동,10574.0,1660.0,2416.0,2737.0,2861.0,693.0,207.0
326,2010,동작구,노량진2동,7528.0,3182.0,1727.0,1180.0,1087.0,270.0,82.0
327,2010,동작구,상도1동,15818.0,5599.0,3406.0,2995.0,2815.0,746.0,257.0
328,2010,동작구,상도2동,9269.0,2437.0,2106.0,2034.0,1987.0,535.0,170.0
329,2010,동작구,상도3동,8400.0,1926.0,1972.0,1958.0,1804.0,537.0,203.0
330,2010,동작구,상도4동,9919.0,2023.0,2326.0,2343.0,2345.0,677.0,205.0
331,2010,동작구,사당1동,9456.0,3108.0,2586.0,1779.0,1465.0,386.0,132.0
332,2010,동작구,사당3동,8451.0,1688.0,2010.0,2041.0,2005.0,545.0,162.0
333,2010,동작구,사당4동,5324.0,1128.0,1384.0,1256.0,1172.0,291.0,93.0
334,2010,동작구,사당5동,5423.0,1194.0,1274.0,1294.0,1241.0,320.0,100.0
335,2010,동작구,대방동,13417.0,3025.0,2712.0,2995.0,3498.0,914.0,273.0
336,2010,동작구,신대방1동,9089.0,2033.0,1983.0,1973.0,2297.0,639.0,164.0
337,2010,동작구,신대방2동,7073.0,1657.0,1545.0,1557.0,1674.0,478.0,162.0
338,2010,동작구,흑석동,12214.0,4158.0,2644.0,2312.0,2214.0,660.0,226.0
339,2010,동작구,노량진1동,13855.0,4894.0,2831.0,2621.0,2570.0,721.0,218.0
340,2010,동작구,사당2동,10508.0,2204.0,2695.0,2596.0,2266.0,550.0,197.0
342,2010,관악구,보라매동,9701.0,2689.0,2219.0,2140.0,1947.0,556.0,150.0
343,2010,관악구,청림동,5780.0,986.0,1439.0,1495.0,1412.0,342.0,106.0
344,2010,관악구,행운동,13596.0,6353.0,2793.0,2082.0,1753.0,471.0,144.0
345,2010,관악구,낙성대동,8452.0,4383.0,1632.0,1083.0,971.0,283.0,100.0
346,2010,관악구,중앙동,6135.0,2475.0,1417.0,1050.0,869.0,237.0,87.0
347,2010,관악구,인헌동,11882.0,4496.0,2561.0,2077.0,2050.0,513.0,185.0
348,2010,관악구,남현동,6774.0,1975.0,1714.0,1364.0,1281.0,340.0,100.0
349,2010,관악구,서원동,11222.0,4933.0,2703.0,1731.0,1391.0,324.0,140.0
350,2010,관악구,신원동,8163.0,2723.0,2189.0,1561.0,1250.0,349.0,91.0
351,2010,관악구,서림동,12955.0,7625.0,1955.0,1546.0,1299.0,399.0,131.0
352,2010,관악구,신사동,10798.0,4094.0,2504.0,1915.0,1743.0,432.0,110.0
353,2010,관악구,신림동,10403.0,6859.0,1844.0,886.0,585.0,170.0,59.0
354,2010,관악구,난향동,5895.0,989.0,1322.0,1474.0,1566.0,410.0,134.0
355,2010,관악구,조원동,6984.0,2564.0,1628.0,1293.0,1134.0,282.0,83.0
356,2010,관악구,대학동,15859.0,11422.0,1687.0,1195.0,1137.0,325.0,93.0
357,2010,관악구,은천동,12822.0,2932.0,3047.0,2972.0,2842.0,795.0,234.0
358,2010,관악구,성현동,11466.0,1760.0,2735.0,2848.0,3090.0,760.0,273.0
359,2010,관악구,청룡동,15709.0,7916.0,3128.0,2100.0,1912.0,496.0,157.0
360,2010,관악구,난곡동,10903.0,2516.0,2548.0,2597.0,2450.0,623.0,169.0
361,2010,관악구,삼성동,10133.0,2185.0,2408.0,2381.0,2255.0,702.0,202.0
362,2010,관악구,미성동,11727.0,2548.0,2457.0,2752.0,2973.0,773.0,224.0
364,2010,서초구,서초1동,7457.0,2374.0,1515.0,1537.0,1507.0,379.0,145.0
365,2010,서초구,서초2동,8117.0,2053.0,1759.0,1815.0,1903.0,448.0,139.0
366,2010,서초구,서초3동,9749.0,2349.0,2107.0,2166.0,2253.0,671.0,203.0
367,2010,서초구,서초4동,9359.0,1142.0,1828.0,2544.0,2997.0,686.0,162.0
368,2010,서초구,잠원동,12548.0,2985.0,2858.0,2871.0,3088.0,604.0,142.0
369,2010,서초구,반포본동,3614.0,313.0,703.0,964.0,1275.0,269.0,90.0
370,2010,서초구,반포1동,11402.0,3975.0,2372.0,2129.0,2147.0,598.0,181.0
371,2010,서초구,반포2동,6071.0,488.0,1142.0,1614.0,2138.0,533.0,156.0
372,2010,서초구,반포3동,7291.0,899.0,1484.0,1932.0,2389.0,483.0,104.0
373,2010,서초구,반포4동,6288.0,860.0,1363.0,1688.0,1729.0,514.0,134.0
374,2010,서초구,방배본동,6339.0,970.0,1354.0,1536.0,1816.0,492.0,171.0
375,2010,서초구,방배1동,5428.0,1059.0,1361.0,1300.0,1268.0,327.0,113.0
376,2010,서초구,방배2동,8476.0,1621.0,1931.0,2060.0,2110.0,571.0,183.0
377,2010,서초구,방배3동,7814.0,1178.0,1654.0,2067.0,2162.0,566.0,187.0
378,2010,서초구,방배4동,8033.0,1683.0,1779.0,1804.0,2027.0,553.0,187.0
379,2010,서초구,양재1동,9071.0,2310.0,2265.0,2032.0,1792.0,498.0,174.0
380,2010,서초구,양재2동,8211.0,2611.0,1800.0,1599.0,1610.0,464.0,127.0
381,2010,서초구,내곡동,1572.0,318.0,403.0,341.0,322.0,131.0,57.0
383,2010,강남구,신사동,7457.0,2271.0,1850.0,1511.0,1370.0,351.0,104.0
384,2010,강남구,논현1동,13261.0,7271.0,2962.0,1485.0,1115.0,329.0,99.0
385,2010,강남구,논현2동,10192.0,4526.0,2218.0,1599.0,1353.0,369.0,127.0
386,2010,강남구,삼성1동,5177.0,1239.0,1051.0,1217.0,1251.0,283.0,136.0
387,2010,강남구,삼성2동,11903.0,3801.0,2472.0,2442.0,2459.0,582.0,147.0
388,2010,강남구,대치1동,6785.0,277.0,926.0,1842.0,2833.0,759.0,148.0
389,2010,강남구,대치4동,9694.0,4436.0,1967.0,1505.0,1366.0,329.0,91.0
390,2010,강남구,역삼1동,18924.0,11361.0,3923.0,1763.0,1342.0,414.0,121.0
391,2010,강남구,역삼2동,12733.0,4061.0,2591.0,2555.0,2676.0,651.0,199.0
392,2010,강남구,도곡1동,6966.0,1472.0,1358.0,1662.0,1918.0,449.0,107.0
393,2010,강남구,도곡2동,9973.0,1200.0,2117.0,2742.0,3095.0,687.0,132.0
394,2010,강남구,개포1동,7687.0,1566.0,1744.0,1903.0,1962.0,432.0,80.0
395,2010,강남구,개포4동,8169.0,2171.0,1693.0,1757.0,1912.0,506.0,130.0
396,2010,강남구,일원본동,6680.0,744.0,1202.0,1666.0,2406.0,518.0,144.0
397,2010,강남구,일원1동,6589.0,1675.0,1545.0,1466.0,1372.0,417.0,114.0
398,2010,강남구,일원2동,6584.0,1334.0,1510.0,1627.0,1683.0,360.0,70.0
399,2010,강남구,수서동,7021.0,1996.0,2249.0,1550.0,958.0,216.0,52.0
400,2010,강남구,세곡동,1399.0,259.0,347.0,317.0,313.0,108.0,55.0
401,2010,강남구,압구정동,9111.0,1564.0,2292.0,2411.0,2205.0,486.0,153.0
402,2010,강남구,청담동,10126.0,2467.0,2190.0,2296.0,2352.0,632.0,189.0
403,2010,강남구,대치2동,12521.0,1456.0,1894.0,3234.0,4748.0,997.0,192.0
404,2010,강남구,개포2동,12013.0,2381.0,2671.0,2781.0,3264.0,795.0,121.0
406,2010,송파구,풍납1동,6988.0,1704.0,1645.0,1658.0,1506.0,349.0,126.0
407,2010,송파구,풍납2동,9403.0,1860.0,2018.0,2258.0,2493.0,603.0,171.0
408,2010,송파구,거여1동,4910.0,823.0,958.0,1182.0,1440.0,403.0,104.0
409,2010,송파구,거여2동,9667.0,1991.0,2148.0,2281.0,2471.0,620.0,156.0
410,2010,송파구,마천1동,6463.0,1554.0,1461.0,1472.0,1452.0,396.0,128.0
411,2010,송파구,마천2동,7653.0,1596.0,1697.0,1758.0,1911.0,538.0,153.0
412,2010,송파구,방이1동,4953.0,655.0,880.0,1209.0,1664.0,436.0,109.0
413,2010,송파구,방이2동,9466.0,2952.0,2111.0,2017.0,1720.0,492.0,174.0
414,2010,송파구,오륜동,5477.0,238.0,829.0,1553.0,2216.0,527.0,114.0
415,2010,송파구,오금동,11630.0,1672.0,2303.0,2983.0,3514.0,922.0,236.0
416,2010,송파구,송파1동,9458.0,2448.0,2260.0,2080.0,1973.0,518.0,179.0
417,2010,송파구,송파2동,5815.0,579.0,1020.0,1507.0,2031.0,535.0,143.0
418,2010,송파구,석촌동,13354.0,4027.0,3228.0,2789.0,2459.0,671.0,180.0
419,2010,송파구,삼전동,13702.0,4418.0,3312.0,2738.0,2457.0,585.0,192.0
420,2010,송파구,가락본동,9019.0,1652.0,1769.0,2225.0,2551.0,648.0,174.0
421,2010,송파구,가락1동,5567.0,1365.0,1335.0,1296.0,1277.0,248.0,46.0
422,2010,송파구,가락2동,10469.0,1192.0,1793.0,2621.0,3772.0,869.0,222.0
423,2010,송파구,문정1동,6899.0,1042.0,1407.0,1770.0,2026.0,503.0,151.0
424,2010,송파구,문정2동,4642.0,347.0,1023.0,1243.0,1538.0,398.0,93.0
425,2010,송파구,장지동,11689.0,1876.0,2474.0,2806.0,3273.0,1014.0,246.0
426,2010,송파구,잠실본동,12068.0,4120.0,2890.0,2272.0,2091.0,537.0,158.0
427,2010,송파구,잠실4동,9598.0,1010.0,2112.0,2696.0,2953.0,626.0,201.0
428,2010,송파구,잠실6동,5043.0,426.0,1095.0,1375.0,1596.0,419.0,132.0
429,2010,송파구,잠실7동,3135.0,233.0,704.0,851.0,1034.0,255.0,58.0
430,2010,송파구,잠실2동,11104.0,1403.0,2066.0,2828.0,3856.0,750.0,201.0
431,2010,송파구,잠실3동,11254.0,1039.0,2264.0,3203.0,3636.0,882.0,230.0
433,2010,강동구,강일동,6387.0,609.0,1269.0,1741.0,2004.0,602.0,162.0
434,2010,강동구,상일동,8592.0,1048.0,1732.0,2322.0,2739.0,621.0,130.0
435,2010,강동구,명일1동,8553.0,1062.0,1603.0,2199.0,2839.0,694.0,156.0
436,2010,강동구,명일2동,5248.0,403.0,802.0,1360.0,2071.0,491.0,121.0
437,2010,강동구,고덕1동,7341.0,1177.0,1391.0,1859.0,2253.0,535.0,126.0
438,2010,강동구,고덕2동,6260.0,1355.0,1365.0,1487.0,1581.0,376.0,96.0
439,2010,강동구,암사2동,5219.0,791.0,1136.0,1391.0,1466.0,343.0,92.0
440,2010,강동구,암사3동,5538.0,455.0,992.0,1485.0,1996.0,474.0,136.0
441,2010,강동구,천호1동,10844.0,2540.0,2490.0,2549.0,2384.0,683.0,198.0
442,2010,강동구,천호3동,10614.0,3748.0,2433.0,2131.0,1666.0,472.0,164.0
443,2010,강동구,성내1동,6550.0,959.0,1355.0,1708.0,1891.0,503.0,134.0
444,2010,강동구,성내2동,10417.0,3238.0,2659.0,2096.0,1810.0,467.0,147.0
445,2010,강동구,성내3동,8419.0,1708.0,1930.0,2058.0,2031.0,515.0,177.0
446,2010,강동구,둔촌1동,5870.0,475.0,962.0,1608.0,2328.0,436.0,61.0
447,2010,강동구,둔촌2동,9091.0,1325.0,1804.0,2320.0,2718.0,733.0,191.0
448,2010,강동구,암사1동,13709.0,3395.0,3045.0,3130.0,3113.0,785.0,241.0
449,2010,강동구,천호2동,14152.0,4265.0,3315.0,2992.0,2648.0,694.0,238.0
450,2010,강동구,길동,16826.0,3166.0,3627.0,4293.0,4282.0,1105.0,353.0
451,,,,,,,,,,
1,2015,합계,합계,3784490.0,1115744.0,930467.0,817440.0,701945.0,169436.0,49458.0
3,2015,종로구,사직동,3562.0,1125.0,1006.0,731.0,500.0,145.0,55.0
4,2015,종로구,삼청동,1092.0,363.0,296.0,214.0,151.0,45.0,23.0
5,2015,종로구,부암동,3841.0,995.0,1082.0,836.0,660.0,190.0,78.0
6,2015,종로구,평창동,6310.0,1252.0,1709.0,1573.0,1248.0,388.0,140.0
7,2015,종로구,무악동,2823.0,508.0,698.0,734.0,692.0,153.0,38.0
8,2015,종로구,교남동,1888.0,653.0,523.0,339.0,288.0,66.0,15.0
9,2015,종로구,가회동,1843.0,590.0,507.0,371.0,261.0,90.0,24.0
10,2015,종로구,종로1.2.3.4가동,3733.0,2299.0,820.0,321.0,208.0,56.0,29.0
11,2015,종로구,종로5·6가동,2376.0,1100.0,597.0,335.0,258.0,73.0,10.0
12,2015,종로구,이화동,3981.0,1880.0,907.0,581.0,453.0,121.0,39.0
13,2015,종로구,창신1동,2465.0,1029.0,641.0,413.0,267.0,97.0,15.0
14,2015,종로구,창신2동,3774.0,1211.0,997.0,731.0,606.0,174.0,55.0
15,2015,종로구,창신3동,2635.0,508.0,714.0,691.0,506.0,169.0,47.0
16,2015,종로구,숭인1동,2740.0,931.0,734.0,522.0,408.0,108.0,37.0
17,2015,종로구,숭인2동,4478.0,2206.0,1080.0,598.0,450.0,113.0,31.0
18,2015,종로구,청운효자동,4920.0,1232.0,1258.0,1104.0,965.0,260.0,101.0
19,2015,종로구,혜화동,9119.0,4894.0,1745.0,1178.0,919.0,287.0,96.0
21,2015,중구,소공동,517.0,263.0,122.0,76.0,41.0,9.0,6.0
22,2015,중구,회현동,2343.0,1174.0,575.0,313.0,208.0,51.0,22.0
23,2015,중구,명동,1191.0,657.0,257.0,158.0,93.0,19.0,5.0
24,2015,중구,필동,2168.0,1199.0,472.0,264.0,167.0,46.0,20.0
25,2015,중구,장충동,2675.0,1403.0,597.0,347.0,225.0,81.0,22.0
26,2015,중구,광희동,2269.0,1133.0,561.0,293.0,215.0,51.0,13.0
27,2015,중구,을지로동,914.0,589.0,209.0,64.0,37.0,13.0,0.0
28,2015,중구,신당5동,4143.0,1492.0,1041.0,781.0,596.0,184.0,49.0
29,2015,중구,황학동,5301.0,2128.0,1360.0,926.0,656.0,176.0,55.0
30,2015,중구,중림동,3541.0,1322.0,914.0,661.0,471.0,123.0,50.0
31,2015,중구,신당동,3401.0,1613.0,806.0,497.0,353.0,103.0,29.0
32,2015,중구,다산동,6103.0,2000.0,1681.0,1156.0,908.0,265.0,93.0
33,2015,중구,약수동,7118.0,1887.0,2111.0,1623.0,1140.0,266.0,91.0
34,2015,중구,청구동,5747.0,1613.0,1570.0,1218.0,1008.0,258.0,80.0
35,2015,중구,동화동,3774.0,688.0,881.0,1015.0,869.0,234.0,87.0
37,2015,용산구,후암동,7184.0,2411.0,1850.0,1420.0,1122.0,306.0,75.0
38,2015,용산구,용산2가동,4820.0,1711.0,1348.0,933.0,612.0,168.0,48.0
39,2015,용산구,남영동,3919.0,2403.0,793.0,373.0,261.0,67.0,18.0
40,2015,용산구,원효로2동,5418.0,1290.0,1354.0,1299.0,1092.0,304.0,79.0
41,2015,용산구,효창동,3430.0,804.0,946.0,784.0,640.0,187.0,69.0
42,2015,용산구,용문동,4626.0,1098.0,1285.0,1048.0,909.0,228.0,58.0
43,2015,용산구,이촌1동,8490.0,1227.0,2265.0,2385.0,2033.0,438.0,142.0
44,2015,용산구,이촌2동,3370.0,684.0,1088.0,817.0,580.0,141.0,60.0
45,2015,용산구,이태원1동,3056.0,1328.0,804.0,519.0,288.0,83.0,34.0
46,2015,용산구,이태원2동,4058.0,1599.0,1139.0,687.0,469.0,120.0,44.0
47,2015,용산구,서빙고동,4541.0,1036.0,1157.0,1067.0,944.0,265.0,72.0
48,2015,용산구,보광동,6952.0,2882.0,1753.0,1211.0,834.0,209.0,63.0
49,2015,용산구,청파동,9567.0,4393.0,2144.0,1512.0,1109.0,319.0,90.0
50,2015,용산구,원효로1동,5599.0,1939.0,1503.0,1125.0,798.0,181.0,53.0
51,2015,용산구,한강로동,6194.0,2377.0,1842.0,1112.0,664.0,159.0,40.0
52,2015,용산구,한남동,9089.0,3843.0,2505.0,1534.0,867.0,261.0,79.0
54,2015,성동구,왕십리2동,6044.0,1776.0,1432.0,1375.0,1098.0,271.0,92.0
55,2015,성동구,마장동,9414.0,2997.0,2243.0,1965.0,1671.0,387.0,151.0
56,2015,성동구,사근동,6976.0,4322.0,1198.0,688.0,546.0,170.0,52.0
57,2015,성동구,행당1동,5927.0,2015.0,1467.0,1161.0,957.0,250.0,77.0
58,2015,성동구,행당2동,8727.0,1405.0,2262.0,2345.0,2151.0,435.0,129.0
59,2015,성동구,응봉동,5572.0,864.0,1404.0,1471.0,1376.0,345.0,112.0
60,2015,성동구,금호1가동,4876.0,1091.0,1288.0,1219.0,969.0,227.0,82.0
61,2015,성동구,금호4가동,5438.0,1337.0,1515.0,1373.0,952.0,196.0,65.0
62,2015,성동구,성수1가1동,6432.0,1833.0,1577.0,1384.0,1299.0,268.0,71.0
63,2015,성동구,성수1가2동,7079.0,2522.0,1766.0,1348.0,1097.0,263.0,83.0
64,2015,성동구,성수2가1동,7682.0,2645.0,1839.0,1586.0,1209.0,294.0,109.0
65,2015,성동구,성수2가3동,4719.0,1701.0,1144.0,882.0,708.0,217.0,67.0
66,2015,성동구,송정동,4982.0,1977.0,1175.0,880.0,737.0,172.0,41.0
67,2015,성동구,용답동,6777.0,2699.0,1642.0,1196.0,945.0,218.0,77.0
68,2015,성동구,왕십리도선동,7620.0,2292.0,1862.0,1668.0,1348.0,347.0,103.0
69,2015,성동구,금호2.3가동,8188.0,1921.0,2217.0,2000.0,1548.0,376.0,126.0
70,2015,성동구,옥수동,8266.0,1862.0,2384.0,2081.0,1514.0,312.0,113.0
72,2015,광진구,화양동,15466.0,11126.0,2297.0,1057.0,747.0,183.0,56.0
73,2015,광진구,군자동,10846.0,5696.0,2128.0,1498.0,1157.0,275.0,92.0
74,2015,광진구,중곡1동,6749.0,2490.0,1823.0,1254.0,904.0,203.0,75.0
75,2015,광진구,중곡2동,8830.0,2870.0,2244.0,1806.0,1482.0,328.0,100.0
76,2015,광진구,중곡3동,7229.0,2478.0,1822.0,1485.0,1113.0,263.0,68.0
77,2015,광진구,중곡4동,11624.0,3049.0,2888.0,2731.0,2223.0,554.0,179.0
78,2015,광진구,능동,5607.0,2796.0,1278.0,809.0,535.0,141.0,48.0
79,2015,광진구,구의1동,10309.0,4587.0,2359.0,1715.0,1240.0,325.0,83.0
80,2015,광진구,구의2동,9358.0,2474.0,2371.0,2109.0,1789.0,466.0,149.0
81,2015,광진구,구의3동,10431.0,2445.0,2487.0,2581.0,2324.0,448.0,146.0
82,2015,광진구,광장동,11113.0,1411.0,2020.0,3079.0,3727.0,688.0,188.0
83,2015,광진구,자양1동,9762.0,3950.0,2269.0,1706.0,1375.0,358.0,104.0
84,2015,광진구,자양2동,9896.0,2525.0,2384.0,2383.0,1973.0,481.0,150.0
85,2015,광진구,자양3동,10067.0,1755.0,2317.0,2659.0,2613.0,573.0,150.0
86,2015,광진구,자양4동,10431.0,4558.0,2425.0,1731.0,1309.0,309.0,99.0
88,2015,동대문구,회기동,6566.0,4030.0,1093.0,705.0,558.0,143.0,37.0
89,2015,동대문구,휘경1동,6954.0,3395.0,1512.0,1037.0,739.0,211.0,60.0
90,2015,동대문구,휘경2동,10223.0,3616.0,2202.0,1959.0,1877.0,410.0,159.0
91,2015,동대문구,청량리동,9133.0,3060.0,2511.0,1738.0,1327.0,371.0,126.0
92,2015,동대문구,용신동,13654.0,5803.0,3356.0,2256.0,1644.0,456.0,139.0
93,2015,동대문구,제기동,11371.0,4542.0,2877.0,1900.0,1503.0,413.0,136.0
94,2015,동대문구,전농1동,12819.0,4986.0,2935.0,2414.0,1873.0,469.0,142.0
95,2015,동대문구,전농2동,7261.0,1491.0,1783.0,1828.0,1597.0,416.0,146.0
96,2015,동대문구,답십리1동,9885.0,3042.0,2323.0,2119.0,1769.0,464.0,168.0
97,2015,동대문구,답십리2동,10325.0,2262.0,2658.0,2499.0,2190.0,529.0,187.0
98,2015,동대문구,장안1동,13675.0,3841.0,3275.0,3041.0,2598.0,647.0,273.0
99,2015,동대문구,장안2동,11269.0,2668.0,2621.0,2738.0,2414.0,626.0,202.0
100,2015,동대문구,이문1동,15227.0,7966.0,3001.0,2071.0,1620.0,414.0,155.0
101,2015,동대문구,이문2동,8315.0,2182.0,2009.0,1831.0,1673.0,460.0,160.0
103,2015,중랑구,면목2동,10703.0,3369.0,2745.0,2238.0,1777.0,438.0,136.0
104,2015,중랑구,면목4동,8295.0,2292.0,2207.0,1892.0,1425.0,366.0,113.0
105,2015,중랑구,면목5동,4602.0,1397.0,1230.0,993.0,735.0,191.0,56.0
106,2015,중랑구,면목7동,9302.0,2839.0,2401.0,1999.0,1544.0,389.0,130.0
107,2015,중랑구,상봉1동,8922.0,1748.0,2062.0,2264.0,2207.0,506.0,135.0
108,2015,중랑구,상봉2동,8379.0,3707.0,2112.0,1375.0,913.0,188.0,84.0
109,2015,중랑구,중화1동,7604.0,1675.0,2079.0,1874.0,1498.0,361.0,117.0
110,2015,중랑구,중화2동,12234.0,4774.0,3181.0,2214.0,1563.0,412.0,90.0
111,2015,중랑구,묵1동,12134.0,2549.0,3009.0,3077.0,2595.0,713.0,191.0
112,2015,중랑구,묵2동,7659.0,2390.0,1973.0,1605.0,1238.0,361.0,92.0
113,2015,중랑구,망우3동,7150.0,2216.0,1905.0,1528.0,1147.0,254.0,100.0
114,2015,중랑구,신내1동,12987.0,1610.0,2963.0,3325.0,3676.0,1118.0,295.0
115,2015,중랑구,신내2동,8534.0,1771.0,2315.0,2145.0,1809.0,386.0,108.0
116,2015,중랑구,면목본동,14836.0,5225.0,3793.0,2878.0,2251.0,534.0,155.0
117,2015,중랑구,면목3.8동,11422.0,3756.0,2944.0,2350.0,1817.0,398.0,157.0
118,2015,중랑구,망우본동,12774.0,3820.0,3329.0,2771.0,2168.0,530.0,156.0
120,2015,성북구,돈암1동,6017.0,1273.0,1639.0,1451.0,1247.0,325.0,82.0
121,2015,성북구,돈암2동,7372.0,965.0,1717.0,1977.0,2009.0,537.0,167.0
122,2015,성북구,안암동,9119.0,5492.0,1563.0,1036.0,775.0,197.0,56.0
123,2015,성북구,보문동,6139.0,2403.0,1436.0,1127.0,900.0,215.0,58.0
124,2015,성북구,정릉1동,6769.0,1527.0,1597.0,1713.0,1439.0,347.0,146.0
125,2015,성북구,정릉2동,8676.0,1948.0,2203.0,2127.0,1770.0,478.0,150.0
126,2015,성북구,정릉3동,7112.0,2874.0,1681.0,1217.0,990.0,253.0,97.0
127,2015,성북구,정릉4동,9775.0,2195.0,2512.0,2391.0,2004.0,513.0,160.0
128,2015,성북구,길음1동,11980.0,1636.0,2655.0,3332.0,3398.0,711.0,248.0
129,2015,성북구,길음2동,6065.0,1666.0,1540.0,1344.0,1160.0,258.0,97.0
130,2015,성북구,월곡1동,9655.0,1911.0,2349.0,2377.0,2275.0,571.0,172.0
131,2015,성북구,월곡2동,8247.0,2736.0,1857.0,1755.0,1397.0,373.0,129.0
132,2015,성북구,장위1동,8398.0,2012.0,2254.0,1930.0,1645.0,424.0,133.0
133,2015,성북구,장위2동,7644.0,1989.0,2128.0,1683.0,1364.0,384.0,96.0
134,2015,성북구,장위3동,5194.0,1338.0,1387.0,1167.0,967.0,254.0,81.0
135,2015,성북구,성북동,7026.0,2569.0,1817.0,1220.0,1013.0,295.0,112.0
136,2015,성북구,삼선동,11391.0,4382.0,2664.0,2026.0,1749.0,438.0,132.0
137,2015,성북구,동선동,8183.0,4376.0,1691.0,1055.0,762.0,228.0,71.0
138,2015,성북구,종암동,15619.0,4419.0,3608.0,3486.0,3118.0,758.0,230.0
139,2015,성북구,석관동,13876.0,4294.0,3465.0,3014.0,2375.0,559.0,169.0
141,2015,강북구,번1동,8924.0,3723.0,2164.0,1531.0,1151.0,270.0,85.0
142,2015,강북구,번2동,6955.0,1635.0,2114.0,1642.0,1158.0,309.0,97.0
143,2015,강북구,번3동,7243.0,1479.0,2066.0,1814.0,1362.0,398.0,124.0
144,2015,강북구,수유1동,8725.0,2664.0,2306.0,1854.0,1421.0,369.0,111.0
145,2015,강북구,수유2동,8256.0,1978.0,2336.0,1965.0,1460.0,388.0,129.0
146,2015,강북구,수유3동,10033.0,3877.0,2600.0,1866.0,1257.0,313.0,120.0
147,2015,강북구,삼양동,10921.0,2836.0,2990.0,2460.0,1965.0,523.0,147.0
148,2015,강북구,미아동,9625.0,3486.0,2439.0,1877.0,1374.0,337.0,112.0
149,2015,강북구,송중동,11854.0,3626.0,3077.0,2493.0,1979.0,506.0,173.0
150,2015,강북구,송천동,11850.0,3866.0,3119.0,2388.0,1851.0,486.0,140.0
151,2015,강북구,삼각산동,11225.0,1690.0,2554.0,2952.0,3144.0,701.0,184.0
152,2015,강북구,우이동,7817.0,1844.0,2295.0,1858.0,1289.0,387.0,144.0
153,2015,강북구,인수동,12238.0,3083.0,3441.0,2885.0,2122.0,514.0,193.0
155,2015,도봉구,쌍문1동,8113.0,1966.0,2111.0,1886.0,1587.0,422.0,141.0
156,2015,도봉구,쌍문2동,7842.0,1962.0,2141.0,1856.0,1455.0,317.0,111.0
157,2015,도봉구,쌍문3동,7155.0,2208.0,1858.0,1502.0,1201.0,298.0,88.0
158,2015,도봉구,쌍문4동,6788.0,970.0,1588.0,1862.0,1859.0,411.0,98.0
159,2015,도봉구,방학1동,11616.0,2977.0,3082.0,2621.0,2243.0,531.0,162.0
160,2015,도봉구,방학2동,8382.0,2172.0,2391.0,1911.0,1403.0,403.0,102.0
161,2015,도봉구,방학3동,9601.0,1049.0,2292.0,2773.0,2699.0,628.0,160.0
162,2015,도봉구,창1동,10142.0,2411.0,2649.0,2441.0,2105.0,429.0,107.0
163,2015,도봉구,창2동,10946.0,2219.0,2931.0,2768.0,2291.0,550.0,187.0
164,2015,도봉구,창3동,6037.0,1695.0,1597.0,1319.0,1091.0,265.0,70.0
165,2015,도봉구,창4동,9887.0,1656.0,2397.0,2552.0,2588.0,548.0,146.0
166,2015,도봉구,창5동,9171.0,1585.0,2347.0,2463.0,2177.0,464.0,135.0
167,2015,도봉구,도봉1동,8878.0,2424.0,2691.0,1938.0,1338.0,367.0,120.0
168,2015,도봉구,도봉2동,10423.0,2054.0,2928.0,2590.0,2162.0,505.0,184.0
170,2015,노원구,월계1동,9272.0,3236.0,2102.0,1824.0,1601.0,386.0,123.0
171,2015,노원구,월계2동,11137.0,2947.0,3107.0,2484.0,2033.0,429.0,137.0
172,2015,노원구,월계3동,12400.0,2505.0,3384.0,3233.0,2593.0,540.0,145.0
173,2015,노원구,공릉2동,15755.0,3903.0,3323.0,3710.0,3762.0,852.0,205.0
174,2015,노원구,하계1동,10522.0,2420.0,2523.0,2466.0,2478.0,527.0,108.0
175,2015,노원구,하계2동,8028.0,1119.0,1833.0,2111.0,2385.0,495.0,85.0
176,2015,노원구,중계본동,8494.0,1026.0,1639.0,2168.0,2823.0,685.0,153.0
177,2015,노원구,중계1동,8770.0,811.0,1482.0,2453.0,3319.0,603.0,102.0
178,2015,노원구,중계4동,7829.0,1550.0,1986.0,1905.0,1891.0,403.0,94.0
179,2015,노원구,상계1동,14507.0,2811.0,3522.0,3708.0,3387.0,833.0,246.0
180,2015,노원구,상계2동,7948.0,2073.0,1720.0,1887.0,1748.0,404.0,116.0
181,2015,노원구,상계5동,9278.0,2307.0,2443.0,2153.0,1788.0,447.0,140.0
182,2015,노원구,상계8동,8889.0,1349.0,2276.0,2497.0,2277.0,423.0,67.0
183,2015,노원구,상계9동,8070.0,1297.0,2005.0,2188.0,2123.0,389.0,68.0
184,2015,노원구,상계10동,7015.0,1364.0,1959.0,1831.0,1545.0,265.0,51.0
185,2015,노원구,상계3.4동,13242.0,3633.0,3573.0,2918.0,2326.0,622.0,170.0
186,2015,노원구,상계6.7동,12767.0,2814.0,3217.0,3239.0,2917.0,484.0,96.0
187,2015,노원구,중계2.3동,14562.0,3180.0,3980.0,3529.0,3082.0,644.0,147.0
188,2015,노원구,공릉1동,16351.0,5784.0,3865.0,3179.0,2674.0,665.0,184.0
190,2015,은평구,녹번동,12221.0,3580.0,3398.0,2603.0,2002.0,518.0,120.0
191,2015,은평구,불광1동,15457.0,3669.0,4328.0,3771.0,2835.0,663.0,191.0
192,2015,은평구,갈현1동,9527.0,2438.0,2701.0,2195.0,1674.0,406.0,113.0
193,2015,은평구,갈현2동,10620.0,2322.0,2888.0,2580.0,2104.0,555.0,171.0
194,2015,은평구,구산동,10861.0,1845.0,2906.0,2830.0,2419.0,633.0,228.0
195,2015,은평구,대조동,13457.0,4677.0,3717.0,2555.0,1893.0,468.0,147.0
196,2015,은평구,응암1동,12220.0,3527.0,3278.0,2615.0,2113.0,529.0,158.0
197,2015,은평구,응암2동,8505.0,2038.0,2282.0,2025.0,1628.0,406.0,126.0
198,2015,은평구,신사1동,9945.0,2089.0,2624.0,2558.0,1994.0,514.0,166.0
199,2015,은평구,신사2동,7786.0,1689.0,2125.0,1860.0,1610.0,384.0,118.0
200,2015,은평구,증산동,6985.0,1479.0,1923.0,1650.0,1468.0,362.0,103.0
201,2015,은평구,수색동,6295.0,1600.0,1778.0,1403.0,1124.0,294.0,96.0
202,2015,은평구,진관동,16259.0,2197.0,3455.0,3935.0,4759.0,1489.0,424.0
203,2015,은평구,불광2동,11294.0,3318.0,3244.0,2389.0,1769.0,453.0,121.0
204,2015,은평구,응암3동,10747.0,3538.0,2889.0,2164.0,1635.0,401.0,120.0
205,2015,은평구,역촌동,17573.0,3930.0,4801.0,4197.0,3482.0,900.0,263.0
207,2015,서대문구,천연동,7468.0,2195.0,1855.0,1621.0,1411.0,310.0,76.0
208,2015,서대문구,홍제1동,8821.0,2215.0,2431.0,2034.0,1643.0,379.0,119.0
209,2015,서대문구,홍제3동,7343.0,1977.0,1958.0,1670.0,1307.0,333.0,98.0
210,2015,서대문구,홍제2동,5419.0,1165.0,1486.0,1330.0,1106.0,256.0,76.0
211,2015,서대문구,홍은1동,8838.0,2163.0,2312.0,2003.0,1771.0,437.0,152.0
212,2015,서대문구,홍은2동,11185.0,3080.0,2886.0,2456.0,2021.0,560.0,182.0
213,2015,서대문구,남가좌1동,1293.0,340.0,334.0,290.0,254.0,48.0,25.0
214,2015,서대문구,남가좌2동,11427.0,4073.0,2737.0,2180.0,1818.0,473.0,146.0
215,2015,서대문구,북가좌1동,6485.0,922.0,1711.0,1747.0,1596.0,376.0,133.0
216,2015,서대문구,북가좌2동,12532.0,2911.0,3421.0,2967.0,2399.0,644.0,190.0
217,2015,서대문구,충현동,7601.0,2766.0,1890.0,1393.0,1141.0,306.0,105.0
218,2015,서대문구,북아현동,4075.0,1485.0,1037.0,749.0,617.0,145.0,42.0
219,2015,서대문구,신촌동,11277.0,7649.0,1782.0,922.0,680.0,186.0,58.0
220,2015,서대문구,연희동,17270.0,7219.0,4011.0,2874.0,2324.0,620.0,222.0
222,2015,마포구,용강동,7848.0,1893.0,2082.0,1825.0,1598.0,355.0,95.0
223,2015,마포구,대흥동,7167.0,3990.0,1621.0,819.0,540.0,145.0,52.0
224,2015,마포구,염리동,6186.0,2422.0,1516.0,1109.0,825.0,239.0,75.0
225,2015,마포구,신수동,8250.0,2922.0,1930.0,1589.0,1351.0,346.0,112.0
226,2015,마포구,서교동,13857.0,7519.0,3030.0,1715.0,1223.0,278.0,92.0
227,2015,마포구,합정동,8039.0,3113.0,2207.0,1385.0,1010.0,264.0,60.0
228,2015,마포구,망원1동,9038.0,3108.0,2453.0,1697.0,1320.0,356.0,104.0
229,2015,마포구,망원2동,7527.0,1866.0,1942.0,1693.0,1563.0,346.0,117.0
230,2015,마포구,연남동,8149.0,3465.0,2084.0,1317.0,950.0,237.0,96.0
231,2015,마포구,성산1동,8368.0,2785.0,2142.0,1672.0,1336.0,334.0,99.0
232,2015,마포구,성산2동,14397.0,3304.0,3788.0,3386.0,3060.0,679.0,180.0
233,2015,마포구,상암동,11513.0,2733.0,2498.0,2560.0,2729.0,798.0,195.0
234,2015,마포구,도화동,8404.0,2216.0,2193.0,1954.0,1515.0,426.0,100.0
235,2015,마포구,서강동,11186.0,4341.0,2488.0,2118.0,1756.0,384.0,99.0
236,2015,마포구,공덕동,14845.0,4435.0,3988.0,3267.0,2429.0,571.0,155.0
237,2015,마포구,아현동,10207.0,2325.0,2889.0,2641.0,1895.0,359.0,98.0
239,2015,양천구,목1동,9974.0,1121.0,1870.0,2976.0,3229.0,616.0,162.0
240,2015,양천구,목2동,11145.0,2638.0,2778.0,2685.0,2344.0,537.0,163.0
241,2015,양천구,목3동,8129.0,2095.0,2121.0,1966.0,1507.0,356.0,84.0
242,2015,양천구,목4동,9184.0,1793.0,1916.0,2238.0,2513.0,584.0,140.0
243,2015,양천구,신월1동,9247.0,2864.0,2400.0,1926.0,1536.0,388.0,133.0
244,2015,양천구,신월2동,7874.0,1425.0,2080.0,1987.0,1735.0,482.0,165.0
245,2015,양천구,신월3동,7188.0,2668.0,1829.0,1349.0,976.0,262.0,104.0
246,2015,양천구,신월4동,6401.0,918.0,1493.0,1760.0,1653.0,436.0,141.0
247,2015,양천구,신월5동,5548.0,1137.0,1380.0,1418.0,1176.0,342.0,95.0
248,2015,양천구,신월6동,4109.0,878.0,1091.0,950.0,882.0,249.0,59.0
249,2015,양천구,신월7동,8360.0,1502.0,2479.0,2218.0,1679.0,378.0,104.0
250,2015,양천구,신정1동,5698.0,744.0,1109.0,1520.0,1828.0,400.0,97.0
251,2015,양천구,신정2동,6697.0,962.0,1314.0,1724.0,2108.0,491.0,98.0
252,2015,양천구,신정3동,18767.0,3883.0,4326.0,4651.0,4449.0,1173.0,285.0
253,2015,양천구,신정6동,7737.0,628.0,1477.0,2372.0,2670.0,483.0,107.0
254,2015,양천구,신정7동,10709.0,2009.0,2636.0,2716.0,2668.0,564.0,116.0
255,2015,양천구,목5동,12863.0,1065.0,2202.0,3876.0,4701.0,865.0,154.0
256,2015,양천구,신정4동,14193.0,4502.0,3705.0,3000.0,2251.0,554.0,181.0
258,2015,강서구,염창동,13241.0,1767.0,2796.0,3682.0,3945.0,847.0,204.0
259,2015,강서구,등촌1동,9392.0,3827.0,1990.0,1738.0,1436.0,320.0,81.0
260,2015,강서구,등촌2동,7457.0,1496.0,1859.0,1948.0,1660.0,381.0,113.0
261,2015,강서구,등촌3동,13678.0,3640.0,3991.0,3183.0,2323.0,437.0,104.0
262,2015,강서구,화곡본동,13764.0,3871.0,3620.0,3088.0,2418.0,597.0,170.0
263,2015,강서구,화곡2동,7339.0,1834.0,1935.0,1705.0,1370.0,409.0,86.0
264,2015,강서구,화곡3동,8194.0,1822.0,2058.0,2054.0,1651.0,465.0,144.0
265,2015,강서구,화곡4동,8802.0,2399.0,2382.0,2015.0,1521.0,386.0,99.0
266,2015,강서구,화곡6동,9553.0,2624.0,2474.0,2145.0,1793.0,411.0,106.0
267,2015,강서구,화곡8동,10104.0,2480.0,2907.0,2336.0,1813.0,439.0,129.0
268,2015,강서구,가양1동,8736.0,2204.0,1976.0,2125.0,1865.0,450.0,116.0
269,2015,강서구,가양2동,7482.0,2817.0,2252.0,1399.0,770.0,191.0,53.0
270,2015,강서구,가양3동,7433.0,2269.0,2362.0,1653.0,901.0,202.0,46.0
271,2015,강서구,발산1동,12678.0,1627.0,2791.0,3318.0,3765.0,958.0,219.0
272,2015,강서구,공항동,8659.0,3432.0,2173.0,1567.0,1101.0,309.0,77.0
273,2015,강서구,방화1동,14570.0,2875.0,3482.0,3575.0,3433.0,939.0,266.0
274,2015,강서구,방화2동,9893.0,3295.0,2644.0,1989.0,1437.0,404.0,124.0
275,2015,강서구,방화3동,10324.0,3053.0,2998.0,2169.0,1643.0,361.0,100.0
276,2015,강서구,화곡1동,21425.0,7385.0,5622.0,4321.0,3127.0,731.0,239.0
277,2015,강서구,우장산동,14912.0,2273.0,3241.0,4012.0,4272.0,892.0,222.0
279,2015,구로구,신도림동,12404.0,1759.0,2955.0,3502.0,3291.0,686.0,211.0
280,2015,구로구,구로1동,7469.0,1149.0,1737.0,2039.0,2052.0,383.0,109.0
281,2015,구로구,구로3동,12548.0,6118.0,2503.0,1898.0,1525.0,370.0,134.0
282,2015,구로구,구로4동,10081.0,3318.0,2892.0,2072.0,1359.0,342.0,98.0
283,2015,구로구,구로5동,12670.0,4317.0,3154.0,2480.0,2072.0,500.0,147.0
284,2015,구로구,고척1동,8883.0,1904.0,2177.0,2126.0,2064.0,460.0,152.0
285,2015,구로구,고척2동,10840.0,2600.0,2585.0,2606.0,2310.0,576.0,163.0
286,2015,구로구,개봉2동,11657.0,1961.0,3054.0,3091.0,2633.0,684.0,234.0
287,2015,구로구,개봉3동,7768.0,1499.0,2085.0,1966.0,1682.0,421.0,115.0
288,2015,구로구,오류1동,8572.0,2831.0,2188.0,1712.0,1355.0,369.0,117.0
289,2015,구로구,오류2동,15026.0,2450.0,3970.0,3573.0,3701.0,1050.0,282.0
290,2015,구로구,수궁동,8772.0,1596.0,2412.0,2230.0,1857.0,515.0,162.0
291,2015,구로구,가리봉동,5029.0,2303.0,1337.0,748.0,468.0,127.0,46.0
292,2015,구로구,구로2동,12153.0,4266.0,3344.0,2229.0,1701.0,454.0,159.0
293,2015,구로구,개봉1동,12656.0,2917.0,3338.0,3017.0,2571.0,610.0,203.0
295,2015,금천구,가산동,10348.0,6116.0,1866.0,1215.0,865.0,218.0,68.0
296,2015,금천구,독산1동,13476.0,5671.0,2934.0,2340.0,1901.0,478.0,152.0
297,2015,금천구,독산2동,8600.0,2742.0,2105.0,1854.0,1447.0,350.0,102.0
298,2015,금천구,독산3동,10825.0,3592.0,2781.0,2259.0,1684.0,392.0,117.0
299,2015,금천구,독산4동,7100.0,2334.0,1723.0,1522.0,1143.0,292.0,86.0
300,2015,금천구,시흥1동,13584.0,3864.0,3497.0,2961.0,2528.0,569.0,165.0
301,2015,금천구,시흥2동,7976.0,1288.0,1969.0,2047.0,2011.0,478.0,183.0
302,2015,금천구,시흥3동,4416.0,905.0,1234.0,1109.0,890.0,214.0,64.0
303,2015,금천구,시흥4동,8411.0,2048.0,2156.0,1948.0,1692.0,448.0,119.0
304,2015,금천구,시흥5동,8707.0,2659.0,2220.0,1844.0,1488.0,377.0,119.0
306,2015,영등포구,여의도동,10910.0,1724.0,3079.0,2994.0,2409.0,534.0,170.0
307,2015,영등포구,당산1동,8532.0,3064.0,2202.0,1647.0,1214.0,321.0,84.0
308,2015,영등포구,당산2동,14390.0,5472.0,3140.0,2713.0,2376.0,501.0,188.0
309,2015,영등포구,양평1동,6971.0,2366.0,1825.0,1436.0,1043.0,231.0,70.0
310,2015,영등포구,양평2동,7951.0,2189.0,1784.0,1805.0,1692.0,362.0,119.0
311,2015,영등포구,신길1동,9079.0,4069.0,2139.0,1440.0,1047.0,304.0,80.0
312,2015,영등포구,신길3동,5894.0,1823.0,1482.0,1228.0,1026.0,272.0,63.0
313,2015,영등포구,신길4동,4570.0,1389.0,1241.0,944.0,736.0,208.0,52.0
314,2015,영등포구,신길5동,5772.0,1837.0,1559.0,1129.0,924.0,233.0,90.0
315,2015,영등포구,신길6동,8386.0,2555.0,2075.0,1817.0,1491.0,357.0,91.0
316,2015,영등포구,신길7동,5199.0,1335.0,1219.0,1196.0,1117.0,259.0,73.0
317,2015,영등포구,대림1동,6044.0,1984.0,1559.0,1259.0,924.0,238.0,80.0
318,2015,영등포구,대림2동,6091.0,2130.0,1727.0,1178.0,790.0,193.0,73.0
319,2015,영등포구,대림3동,10046.0,2798.0,2621.0,2226.0,1848.0,408.0,145.0
320,2015,영등포구,영등포본동,9118.0,2828.0,2243.0,1949.0,1636.0,368.0,94.0
321,2015,영등포구,영등포동,9455.0,5550.0,1850.0,1038.0,764.0,196.0,57.0
322,2015,영등포구,도림동,8523.0,3188.0,2238.0,1595.0,1155.0,271.0,76.0
323,2015,영등포구,문래동,10814.0,2132.0,2664.0,2797.0,2506.0,555.0,160.0
325,2015,동작구,노량진2동,6546.0,2949.0,1584.0,1019.0,740.0,193.0,61.0
326,2015,동작구,상도1동,19365.0,7160.0,4216.0,3862.0,3190.0,745.0,192.0
327,2015,동작구,상도2동,9970.0,3390.0,2391.0,1954.0,1722.0,389.0,124.0
328,2015,동작구,상도3동,9690.0,3017.0,2383.0,2071.0,1631.0,423.0,165.0
329,2015,동작구,상도4동,11234.0,3075.0,2907.0,2542.0,2074.0,502.0,134.0
330,2015,동작구,사당1동,10633.0,4615.0,2654.0,1773.0,1203.0,297.0,91.0
331,2015,동작구,사당3동,8843.0,2136.0,2360.0,2034.0,1762.0,428.0,123.0
332,2015,동작구,사당4동,5907.0,1713.0,1650.0,1276.0,997.0,223.0,48.0
333,2015,동작구,사당5동,5257.0,1524.0,1363.0,1190.0,880.0,238.0,62.0
334,2015,동작구,대방동,14460.0,4042.0,3270.0,3056.0,3140.0,750.0,202.0
335,2015,동작구,신대방1동,9009.0,2296.0,2045.0,2032.0,2003.0,508.0,125.0
336,2015,동작구,신대방2동,7944.0,2431.0,1810.0,1653.0,1542.0,393.0,115.0
337,2015,동작구,흑석동,14705.0,5630.0,3213.0,2794.0,2321.0,551.0,196.0
338,2015,동작구,노량진1동,16295.0,7270.0,3327.0,2728.0,2261.0,553.0,156.0
339,2015,동작구,사당2동,11142.0,2706.0,3117.0,2717.0,1991.0,467.0,144.0
341,2015,관악구,보라매동,10455.0,3576.0,2672.0,2094.0,1583.0,412.0,118.0
342,2015,관악구,청림동,6070.0,1284.0,1611.0,1583.0,1234.0,255.0,103.0
343,2015,관악구,행운동,14676.0,7456.0,3242.0,1977.0,1511.0,352.0,138.0
344,2015,관악구,낙성대동,9262.0,5449.0,1765.0,1064.0,717.0,209.0,58.0
345,2015,관악구,중앙동,7341.0,3767.0,1659.0,961.0,701.0,203.0,50.0
346,2015,관악구,인헌동,12839.0,5732.0,2897.0,2040.0,1666.0,383.0,121.0
347,2015,관악구,남현동,7705.0,2917.0,2038.0,1385.0,1055.0,247.0,63.0
348,2015,관악구,서원동,11642.0,5836.0,2686.0,1716.0,1068.0,256.0,80.0
349,2015,관악구,신원동,8518.0,3605.0,2214.0,1437.0,967.0,222.0,73.0
350,2015,관악구,서림동,12620.0,7016.0,2376.0,1627.0,1174.0,316.0,111.0
351,2015,관악구,신사동,11160.0,5321.0,2452.0,1696.0,1288.0,308.0,95.0
352,2015,관악구,신림동,12726.0,9098.0,2181.0,812.0,484.0,123.0,25.0
353,2015,관악구,난향동,5818.0,1090.0,1496.0,1453.0,1316.0,364.0,99.0
354,2015,관악구,조원동,8297.0,3927.0,1975.0,1199.0,906.0,230.0,60.0
355,2015,관악구,대학동,13540.0,8984.0,1989.0,1288.0,965.0,239.0,75.0
356,2015,관악구,은천동,13963.0,4181.0,3498.0,3058.0,2483.0,563.0,180.0
357,2015,관악구,성현동,11871.0,2400.0,3105.0,2920.0,2642.0,624.0,180.0
358,2015,관악구,청룡동,15766.0,9221.0,3042.0,1763.0,1278.0,366.0,96.0
359,2015,관악구,난곡동,11627.0,3364.0,3050.0,2595.0,1965.0,500.0,153.0
360,2015,관악구,삼성동,10327.0,2736.0,2809.0,2282.0,1851.0,492.0,157.0
361,2015,관악구,미성동,12413.0,3342.0,3137.0,2763.0,2378.0,626.0,167.0
363,2015,서초구,서초1동,8025.0,2678.0,1892.0,1659.0,1335.0,336.0,125.0
364,2015,서초구,서초2동,7466.0,1902.0,1857.0,1793.0,1465.0,350.0,99.0
365,2015,서초구,서초3동,10743.0,3095.0,2748.0,2293.0,1910.0,517.0,180.0
366,2015,서초구,서초4동,8834.0,1277.0,1896.0,2388.0,2580.0,549.0,144.0
367,2015,서초구,잠원동,12096.0,3127.0,2912.0,2814.0,2607.0,503.0,133.0
368,2015,서초구,반포본동,3717.0,265.0,841.0,1077.0,1195.0,263.0,76.0
369,2015,서초구,반포1동,12166.0,4826.0,2333.0,2200.0,2121.0,515.0,171.0
370,2015,서초구,반포2동,5592.0,499.0,1127.0,1595.0,1779.0,461.0,131.0
371,2015,서초구,반포3동,6356.0,759.0,1430.0,1850.0,1853.0,393.0,71.0
372,2015,서초구,반포4동,6476.0,1079.0,1590.0,1766.0,1578.0,359.0,104.0
373,2015,서초구,방배본동,7141.0,1475.0,1606.0,1704.0,1778.0,427.0,151.0
374,2015,서초구,방배1동,6480.0,1914.0,1693.0,1430.0,1094.0,265.0,84.0
375,2015,서초구,방배2동,10111.0,2594.0,2689.0,2272.0,1961.0,464.0,131.0
376,2015,서초구,방배3동,7866.0,1359.0,2079.0,2102.0,1775.0,435.0,116.0
377,2015,서초구,방배4동,9295.0,2407.0,2288.0,2157.0,1830.0,480.0,133.0
378,2015,서초구,양재1동,16182.0,3689.0,4066.0,3523.0,3342.0,1202.0,360.0
379,2015,서초구,양재2동,9402.0,3428.0,2371.0,1721.0,1399.0,388.0,95.0
380,2015,서초구,내곡동,6083.0,1123.0,1675.0,1590.0,1227.0,348.0,120.0
382,2015,강남구,신사동,6861.0,2074.0,1857.0,1450.0,1132.0,274.0,74.0
383,2015,강남구,논현1동,12205.0,6419.0,3068.0,1440.0,944.0,248.0,86.0
384,2015,강남구,논현2동,9983.0,4063.0,2681.0,1710.0,1139.0,299.0,91.0
385,2015,강남구,삼성1동,5137.0,1142.0,1332.0,1279.0,1063.0,236.0,85.0
386,2015,강남구,삼성2동,11587.0,3659.0,2724.0,2409.0,2206.0,465.0,124.0
387,2015,강남구,대치1동,5857.0,288.0,964.0,1734.0,2253.0,505.0,113.0
388,2015,강남구,대치4동,9166.0,3779.0,2238.0,1542.0,1251.0,282.0,74.0
389,2015,강남구,역삼1동,18741.0,10553.0,4542.0,2041.0,1155.0,336.0,114.0
390,2015,강남구,역삼2동,12666.0,3771.0,2754.0,2750.0,2695.0,554.0,142.0
391,2015,강남구,도곡1동,7581.0,1651.0,1727.0,1914.0,1812.0,353.0,124.0
392,2015,강남구,도곡2동,10835.0,1435.0,2586.0,3154.0,2891.0,619.0,150.0
393,2015,강남구,개포1동,7716.0,1748.0,2067.0,1861.0,1621.0,351.0,68.0
394,2015,강남구,개포4동,8254.0,2408.0,2041.0,1818.0,1517.0,387.0,83.0
395,2015,강남구,일원본동,7571.0,908.0,1612.0,2067.0,2360.0,492.0,132.0
396,2015,강남구,일원1동,6856.0,2186.0,1785.0,1407.0,1110.0,285.0,83.0
397,2015,강남구,일원2동,6168.0,1511.0,1731.0,1473.0,1188.0,215.0,50.0
398,2015,강남구,수서동,6948.0,2412.0,2340.0,1313.0,697.0,146.0,40.0
399,2015,강남구,세곡동,14422.0,3573.0,3183.0,3004.0,3131.0,1142.0,389.0
400,2015,강남구,압구정동,9321.0,1773.0,2665.0,2451.0,1843.0,445.0,144.0
401,2015,강남구,청담동,10797.0,2806.0,2746.0,2562.0,2061.0,478.0,144.0
402,2015,강남구,대치2동,12604.0,1544.0,2465.0,3588.0,4102.0,756.0,149.0
403,2015,강남구,개포2동,10081.0,2194.0,2506.0,2510.0,2343.0,454.0,74.0
405,2015,송파구,풍납1동,6859.0,2047.0,1744.0,1504.0,1163.0,305.0,96.0
406,2015,송파구,풍납2동,9695.0,2360.0,2263.0,2365.0,2155.0,413.0,139.0
407,2015,송파구,거여1동,5162.0,1140.0,1197.0,1206.0,1206.0,326.0,87.0
408,2015,송파구,거여2동,9169.0,2198.0,2469.0,2121.0,1842.0,418.0,121.0
409,2015,송파구,마천1동,8211.0,2038.0,2140.0,1826.0,1597.0,477.0,133.0
410,2015,송파구,마천2동,7608.0,1726.0,2090.0,1778.0,1529.0,372.0,113.0
411,2015,송파구,방이1동,5440.0,1065.0,1233.0,1320.0,1386.0,324.0,112.0
412,2015,송파구,방이2동,10811.0,4047.0,2701.0,2107.0,1521.0,345.0,90.0
413,2015,송파구,오륜동,5539.0,288.0,1094.0,1672.0,1969.0,410.0,106.0
414,2015,송파구,오금동,12233.0,2220.0,3021.0,3126.0,3014.0,676.0,176.0
415,2015,송파구,송파1동,10717.0,3697.0,2669.0,2167.0,1678.0,401.0,105.0
416,2015,송파구,송파2동,6802.0,859.0,1530.0,1933.0,1889.0,476.0,115.0
417,2015,송파구,석촌동,14241.0,5077.0,3644.0,2666.0,2209.0,506.0,139.0
418,2015,송파구,삼전동,13888.0,4861.0,3601.0,2703.0,2107.0,500.0,116.0
419,2015,송파구,가락본동,10227.0,2603.0,2467.0,2405.0,2138.0,491.0,123.0
420,2015,송파구,가락1동,215.0,20.0,48.0,56.0,65.0,20.0,0.0
421,2015,송파구,가락2동,11199.0,1805.0,2389.0,2914.0,3231.0,688.0,172.0
422,2015,송파구,문정1동,7457.0,1535.0,1800.0,1880.0,1721.0,407.0,114.0
423,2015,송파구,문정2동,6760.0,2129.0,1557.0,1418.0,1277.0,273.0,106.0
424,2015,송파구,장지동,12145.0,2257.0,3040.0,3065.0,2870.0,727.0,186.0
425,2015,송파구,위례동,3493.0,426.0,763.0,809.0,1039.0,361.0,95.0
426,2015,송파구,잠실본동,12782.0,5036.0,3147.0,2316.0,1774.0,400.0,109.0
427,2015,송파구,잠실4동,9545.0,1064.0,2229.0,2912.0,2670.0,544.0,126.0
428,2015,송파구,잠실6동,5409.0,546.0,1367.0,1629.0,1439.0,334.0,94.0
429,2015,송파구,잠실7동,3172.0,291.0,866.0,914.0,889.0,162.0,50.0
430,2015,송파구,잠실2동,10995.0,1136.0,2016.0,3157.0,3911.0,644.0,131.0
431,2015,송파구,잠실3동,11167.0,1010.0,2569.0,3365.0,3346.0,717.0,160.0
433,2015,강동구,강일동,10109.0,1048.0,2206.0,2381.0,3110.0,1093.0,271.0
434,2015,강동구,상일동,8280.0,1268.0,2012.0,2286.0,2149.0,472.0,93.0
435,2015,강동구,명일1동,7661.0,1322.0,1662.0,2037.0,2061.0,449.0,130.0
436,2015,강동구,명일2동,5482.0,550.0,1098.0,1471.0,1856.0,409.0,98.0
437,2015,강동구,고덕1동,5209.0,878.0,1061.0,1346.0,1450.0,372.0,102.0
438,2015,강동구,고덕2동,3677.0,1254.0,888.0,758.0,592.0,147.0,38.0
439,2015,강동구,암사2동,5662.0,1254.0,1372.0,1404.0,1317.0,244.0,71.0
440,2015,강동구,암사3동,5808.0,589.0,1218.0,1696.0,1834.0,370.0,101.0
441,2015,강동구,천호1동,11174.0,3213.0,2919.0,2476.0,1961.0,463.0,142.0
442,2015,강동구,천호3동,10606.0,3830.0,2840.0,2051.0,1408.0,340.0,137.0
443,2015,강동구,성내1동,6686.0,1404.0,1560.0,1760.0,1477.0,380.0,105.0
444,2015,강동구,성내2동,10719.0,3945.0,2794.0,2010.0,1492.0,351.0,127.0
445,2015,강동구,성내3동,9339.0,2514.0,2371.0,2152.0,1769.0,430.0,103.0
446,2015,강동구,둔촌1동,5865.0,552.0,1338.0,1830.0,1784.0,313.0,48.0
447,2015,강동구,둔촌2동,9839.0,1957.0,2317.0,2510.0,2370.0,541.0,144.0
448,2015,강동구,암사1동,14086.0,3966.0,3543.0,3150.0,2619.0,614.0,194.0
449,2015,강동구,천호2동,14853.0,5212.0,3940.0,2825.0,2211.0,497.0,168.0
450,2015,강동구,길동,19039.0,5141.0,4738.0,4335.0,3713.0,859.0,253.0
451,0,0,0,0.0,0.0,0.0,0.0,0.0,0.0,0.0
