,class,area,2012,2013,2014,2015,2016,2017,2018
0,종로구,청운동,626.0,462.0,,,914.0,766.0,1090.0
1,종로구,신교동,1628.0,,,,1824.0,,
2,종로구,궁정동,,,,,,,
3,종로구,효자동,,227.0,,914.0,,219.0,1500.0
4,종로구,창성동,,,1711.0,,1639.0,2009.0,2068.0
5,종로구,통의동,,,1427.0,1603.0,2359.0,1948.0,
6,종로구,적선동,1297.0,4179.0,1103.0,,,,
7,종로구,통인동,1052.0,1045.0,,1097.0,1084.0,2030.0,1577.0
8,종로구,누상동,735.0,,,907.0,,,
9,종로구,누하동,945.0,738.0,1055.0,680.0,1239.0,819.0,1222.0
10,종로구,옥인동,,,715.0,,1136.0,1099.0,1085.0
11,종로구,체부동,1295.0,,1269.0,1179.0,1528.0,,
12,종로구,필운동,,1075.0,1125.0,1151.0,1773.0,1503.0,1814.0
13,종로구,내자동,1421.0,1257.0,,944.0,1372.0,1059.0,850.0
14,종로구,사직동,,341.0,440.0,688.0,,571.0,
15,종로구,도렴동,,,,,,,
16,종로구,당주동,,2680.0,,,2677.0,1682.0,
17,종로구,내수동,2723.0,,,,,,
18,종로구,세종로,3874.0,,,2604.0,,,
19,종로구,신문로1가,,5216.0,,,3082.0,,3020.0
20,종로구,신문로2가,4075.0,948.0,1015.0,1444.0,1270.0,,1120.0
21,종로구,청진동,2061.0,8071.0,2640.0,2595.0,3598.0,4300.0,
22,종로구,서린동,,,,,,,
23,종로구,수송동,,,,1805.0,1500.0,,
24,종로구,중학동,7461.0,,,,,,10612.0
25,종로구,종로1가,,,,,,,
26,종로구,공평동,,,,,,,
27,종로구,관훈동,2739.0,1114.0,3427.0,4683.0,1209.0,,1864.0
28,종로구,견지동,1570.0,,,1229.0,3369.0,,
29,종로구,와룡동,,665.0,,2170.0,1471.0,,2263.0
30,종로구,권농동,,1004.0,829.0,1063.0,901.0,1913.0,
31,종로구,운니동,,1832.0,,1155.0,978.0,,
32,종로구,익선동,825.0,1183.0,,746.0,1169.0,1333.0,1725.0
33,종로구,경운동,,,1198.0,,864.0,,989.0
34,종로구,관철동,3504.0,2451.0,3194.0,3464.0,2523.0,4141.0,4096.0
35,종로구,인사동,2722.0,1934.0,1305.0,1070.0,1381.0,1727.0,2900.0
36,종로구,낙원동,2113.0,1296.0,1054.0,1183.0,1746.0,1823.0,1227.0
37,종로구,종로2가,,,3863.0,,8627.0,7378.0,15116.0
38,종로구,팔판동,1255.0,,1038.0,1882.0,1136.0,,
39,종로구,삼청동,744.0,2036.0,,1617.0,1306.0,1057.0,1615.0
40,종로구,안국동,,1986.0,1163.0,1543.0,,2101.0,
41,종로구,소격동,,,1867.0,1331.0,2196.0,2765.0,
42,종로구,화동,,855.0,1452.0,,,2116.0,
43,종로구,사간동,,,,,1619.0,2419.0,2609.0
44,종로구,송현동,216.0,280.0,232.0,436.0,413.0,281.0,420.0
45,종로구,가회동,813.0,1942.0,2290.0,2038.0,2295.0,1098.0,3290.0
46,종로구,재동,1963.0,,1505.0,871.0,,1941.0,1459.0
47,종로구,계동,357.0,,973.0,1853.0,1457.0,2324.0,
48,종로구,원서동,,1489.0,,,975.0,,
49,종로구,훈정동,,,,,,,
50,종로구,묘동,1512.0,2059.0,1671.0,1819.0,2551.0,,2852.0
51,종로구,봉익동,933.0,1880.0,1200.0,949.0,1045.0,1314.0,
52,종로구,돈의동,1114.0,771.0,1086.0,1297.0,960.0,1142.0,
53,종로구,장사동,,,2268.0,2430.0,1343.0,1474.0,2373.0
54,종로구,관수동,2569.0,2873.0,756.0,1863.0,1325.0,2100.0,3668.0
55,종로구,종로3가,,4472.0,3402.0,6060.0,,3139.0,6048.0
56,종로구,인의동,,,1276.0,4100.0,1298.0,,
57,종로구,예지동,1865.0,1443.0,1764.0,1988.0,1569.0,2951.0,1586.0
58,종로구,원남동,1898.0,574.0,632.0,1061.0,759.0,92.0,1050.0
59,종로구,연지동,2040.0,1635.0,763.0,1104.0,761.0,1080.0,2469.0
60,종로구,종로4가,3131.0,2601.0,4195.0,2248.0,,3163.0,3750.0
61,종로구,효제동,1290.0,914.0,1323.0,818.0,1187.0,953.0,1368.0
62,종로구,종로5가,1473.0,1656.0,1556.0,1751.0,2483.0,2722.0,1892.0
63,종로구,종로6가,1307.0,838.0,752.0,1497.0,1094.0,1368.0,1836.0
64,종로구,이화동,,500.0,,111.0,766.0,106.0,925.0
65,종로구,연건동,687.0,1481.0,1110.0,1057.0,,,1188.0
66,종로구,충신동,876.0,799.0,1024.0,1939.0,714.0,985.0,1200.0
67,종로구,동숭동,829.0,1515.0,556.0,1996.0,2357.0,2533.0,2022.0
68,종로구,혜화동,725.0,759.0,1575.0,800.0,1049.0,989.0,1170.0
69,종로구,명륜1가,676.0,665.0,787.0,,1091.0,945.0,
70,종로구,명륜2가,,1802.0,883.0,1139.0,1284.0,1543.0,3334.0
71,종로구,명륜4가,2053.0,1096.0,619.0,1335.0,994.0,1163.0,
72,종로구,명륜3가,366.0,625.0,626.0,692.0,671.0,579.0,597.0
73,종로구,창신동,539.0,899.0,688.0,778.0,862.0,1193.0,1197.0
74,종로구,숭인동,908.0,755.0,1046.0,1054.0,814.0,1453.0,1195.0
75,종로구,교남동,,604.0,,,1129.0,1849.0,1849.0
76,종로구,평동,150.0,128.0,142.0,127.0,153.0,146.0,227.0
77,종로구,송월동,,,,,,,
78,종로구,홍파동,,784.0,,,,,
79,종로구,교북동,,,,,,,
80,종로구,행촌동,,816.0,517.0,552.0,,530.0,824.0
81,종로구,구기동,503.0,387.0,811.0,536.0,,344.0,610.0
82,종로구,평창동,403.0,272.0,246.0,342.0,484.0,412.0,829.0
83,종로구,부암동,793.0,1037.0,1029.0,,609.0,890.0,
84,종로구,홍지동,,881.0,892.0,438.0,,,676.0
85,종로구,신영동,,,190.0,586.0,536.0,532.0,
86,종로구,무악동,,,,577.0,504.0,,
87,중구,무교동,,,,,,,
88,중구,다동,3524.0,3168.0,3436.0,3764.0,8038.0,3593.0,4265.0
89,중구,태평로1가,,,,,,,
90,중구,을지로1가,,,2117.0,,,,
91,중구,을지로2가,3330.0,4468.0,4543.0,,3704.0,7916.0,
92,중구,남대문로1가,,,,2731.0,,,
93,중구,삼각동,,,,,,,
94,중구,수하동,,,,11201.0,,,
95,중구,장교동,,,,,,,
96,중구,수표동,2703.0,,,,,10464.0,
97,중구,소공동,,,2517.0,5974.0,4521.0,,
98,중구,남창동,2000.0,2522.0,2454.0,2413.0,2450.0,3355.0,2719.0
99,중구,북창동,1986.0,1477.0,1156.0,1444.0,2123.0,1733.0,
100,중구,태평로2가,2936.0,2593.0,2542.0,,6596.0,6105.0,
101,중구,남대문로2가,,12608.0,,12631.0,,9056.0,
102,중구,남대문로3가,,2130.0,2749.0,3965.0,,,
103,중구,남대문로4가,1931.0,6410.0,,,,3135.0,
104,중구,남대문로5가,2971.0,2919.0,2144.0,2633.0,2237.0,2710.0,
105,중구,봉래동1가,2996.0,,,,,2160.0,
106,중구,봉래동2가,,,,,,,
107,중구,회현동1가,975.0,1196.0,977.0,1179.0,1025.0,977.0,606.0
108,중구,회현동2가,,,,,,1437.0,
109,중구,회현동3가,6395.0,,,,,,
110,중구,충무로1가,13611.0,10884.0,,8002.0,,25091.0,
111,중구,충무로2가,4807.0,,5204.0,3963.0,2419.0,2083.0,5521.0
112,중구,명동1가,6091.0,,,8863.0,5931.0,,
113,중구,명동2가,8099.0,7221.0,,4677.0,13633.0,12320.0,19529.0
114,중구,남산동1가,2755.0,,2140.0,,,,
115,중구,남산동2가,1417.0,662.0,,1726.0,,1256.0,
116,중구,남산동3가,1684.0,,2960.0,,,735.0,
117,중구,저동1가,1960.0,4950.0,,,,7589.0,
118,중구,충무로4가,925.0,1483.0,1381.0,1414.0,1498.0,1605.0,1846.0
119,중구,충무로5가,,2065.0,1749.0,,1179.0,1736.0,
120,중구,인현동2가,911.0,632.0,1572.0,1444.0,1983.0,1059.0,1481.0
121,중구,예관동,,,1331.0,,681.0,1413.0,1536.0
122,중구,묵정동,862.0,966.0,881.0,853.0,708.0,987.0,
123,중구,필동1가,850.0,1342.0,712.0,1663.0,2944.0,1452.0,1181.0
124,중구,필동2가,1047.0,994.0,1154.0,956.0,1002.0,1579.0,1299.0
125,중구,필동3가,840.0,,981.0,963.0,665.0,1418.0,1282.0
126,중구,남학동,,,,,,,
127,중구,주자동,907.0,,,,,,
128,중구,예장동,633.0,756.0,,,491.0,942.0,959.0
129,중구,장충동1가,969.0,1682.0,1110.0,972.0,1547.0,1594.0,
130,중구,장충동2가,3176.0,1141.0,1361.0,2437.0,3552.0,,1405.0
131,중구,광희동1가,1018.0,1780.0,1512.0,2276.0,2767.0,2127.0,2024.0
132,중구,광희동2가,1138.0,640.0,1721.0,3656.0,1653.0,544.0,7653.0
133,중구,쌍림동,1556.0,914.0,941.0,1035.0,1058.0,981.0,1502.0
134,중구,을지로6가,2369.0,,960.0,2281.0,2434.0,,
135,중구,을지로7가,,908.0,2333.0,,2042.0,,
136,중구,을지로4가,734.0,1399.0,1738.0,2026.0,1697.0,1546.0,
137,중구,을지로5가,1090.0,,2089.0,2026.0,1821.0,1801.0,987.0
138,중구,주교동,230.0,265.0,212.0,334.0,304.0,343.0,464.0
139,중구,방산동,151.0,145.0,147.0,190.0,154.0,184.0,182.0
140,중구,오장동,2486.0,1012.0,1156.0,1174.0,1259.0,1256.0,923.0
141,중구,을지로3가,1917.0,1615.0,1551.0,1145.0,2868.0,1458.0,1962.0
142,중구,입정동,,861.0,1131.0,1662.0,,1361.0,1906.0
143,중구,산림동,,,,114.0,1814.0,,1960.0
144,중구,충무로3가,2046.0,,1524.0,1908.0,1392.0,,
145,중구,초동,1268.0,1435.0,1671.0,233.0,1539.0,1761.0,
146,중구,인현동1가,1403.0,1587.0,676.0,1034.0,1566.0,1423.0,
147,중구,저동2가,1365.0,1533.0,2258.0,1612.0,2283.0,1927.0,2812.0
148,중구,신당동,814.0,866.0,917.0,897.0,929.0,958.0,1345.0
149,중구,흥인동,1098.0,799.0,,992.0,,1579.0,
150,중구,무학동,1097.0,,1081.0,1472.0,,,
151,중구,황학동,988.0,909.0,734.0,752.0,1081.0,1497.0,863.0
152,중구,서소문동,,,9843.0,3420.0,4599.0,2609.0,12509.0
153,중구,정동,,,501.0,,993.0,1222.0,2149.0
154,중구,순화동,3597.0,,,,4567.0,,
155,중구,의주로1가,,,,,,,
156,중구,충정로1가,,,,,2095.0,,
157,중구,중림동,431.0,748.0,3319.0,1084.0,1262.0,1505.0,
158,중구,의주로2가,,,,,,,
159,중구,만리동1가,,,,1180.0,756.0,,
160,중구,만리동2가,,,,,,,
161,용산구,후암동,959.0,1031.0,989.0,975.0,1512.0,1210.0,1389.0
162,용산구,용산동2가,756.0,994.0,694.0,828.0,1052.0,1036.0,1878.0
163,용산구,갈월동,,,1935.0,1194.0,2641.0,2188.0,1721.0
164,용산구,남영동,,1511.0,1131.0,2098.0,1622.0,1523.0,1582.0
165,용산구,용산동1가,,,,,,,
166,용산구,동자동,,1858.0,1317.0,1321.0,946.0,692.0,1127.0
167,용산구,서계동,,605.0,866.0,1061.0,1333.0,1070.0,
168,용산구,청파동1가,583.0,,,525.0,1342.0,530.0,1110.0
169,용산구,청파동2가,1511.0,911.0,,1137.0,930.0,1119.0,1394.0
170,용산구,청파동3가,598.0,1158.0,,1335.0,1170.0,885.0,1268.0
171,용산구,원효로1가,,613.0,939.0,1251.0,1196.0,1459.0,1360.0
172,용산구,원효로2가,2469.0,,853.0,1106.0,927.0,1181.0,1292.0
173,용산구,신창동,,,964.0,,480.0,,
174,용산구,산천동,,,,512.0,,1098.0,
175,용산구,청암동,,,,541.0,748.0,,511.0
176,용산구,원효로3가,,1090.0,910.0,961.0,766.0,966.0,
177,용산구,원효로4가,,751.0,,734.0,997.0,1650.0,
178,용산구,효창동,,,,597.0,763.0,1212.0,
179,용산구,도원동,1002.0,754.0,1221.0,,1036.0,1177.0,
180,용산구,용문동,,689.0,881.0,1526.0,1255.0,,1351.0
181,용산구,문배동,,,,1350.0,,,2120.0
182,용산구,신계동,,,601.0,606.0,998.0,1152.0,1428.0
183,용산구,한강로1가,3297.0,1047.0,1551.0,1712.0,1479.0,1920.0,1773.0
184,용산구,한강로2가,1575.0,1497.0,1451.0,2293.0,2283.0,2584.0,3345.0
185,용산구,용산동3가,,,,,1207.0,1539.0,
186,용산구,용산동5가,,,,,2183.0,,3329.0
187,용산구,한강로3가,1784.0,1798.0,1193.0,1578.0,1285.0,1890.0,2216.0
188,용산구,이촌동,,2365.0,,2089.0,1638.0,1321.0,877.0
189,용산구,이태원동,1345.0,1999.0,1510.0,1516.0,1502.0,1709.0,1853.0
190,용산구,한남동,2025.0,1858.0,1794.0,1486.0,1482.0,1942.0,1670.0
191,용산구,동빙고동,1052.0,973.0,,972.0,642.0,1189.0,2130.0
192,용산구,서빙고동,,,425.0,,903.0,1321.0,
193,용산구,주성동,,,,,,898.0,
194,용산구,용산동6가,,,,,,,
195,용산구,보광동,1120.0,1200.0,742.0,1125.0,1221.0,1291.0,2737.0
196,성동구,상왕십리동,,,,,1225.0,,
197,성동구,하왕십리동,799.0,946.0,973.0,993.0,739.0,1265.0,1288.0
198,성동구,홍익동,574.0,547.0,636.0,773.0,807.0,1023.0,1134.0
199,성동구,도선동,1233.0,1248.0,773.0,1640.0,1627.0,1415.0,
200,성동구,마장동,594.0,671.0,578.0,721.0,581.0,775.0,731.0
201,성동구,사근동,510.0,629.0,661.0,840.0,628.0,215.0,
202,성동구,행당동,435.0,688.0,970.0,974.0,1006.0,1357.0,1050.0
203,성동구,응봉동,,,,,,941.0,
204,성동구,금호동1가,,,,,728.0,1115.0,1113.0
205,성동구,금호동2가,623.0,,593.0,505.0,,1114.0,614.0
206,성동구,금호동3가,,479.0,863.0,531.0,834.0,1244.0,1097.0
207,성동구,금호동4가,794.0,452.0,642.0,994.0,710.0,1038.0,
208,성동구,옥수동,296.0,299.0,593.0,510.0,1031.0,893.0,
209,성동구,성수동1가,672.0,665.0,899.0,974.0,953.0,970.0,1142.0
210,성동구,성수동2가,734.0,695.0,666.0,829.0,855.0,990.0,1204.0
211,성동구,송정동,209.0,292.0,168.0,198.0,339.0,252.0,
212,성동구,용답동,,516.0,833.0,625.0,799.0,844.0,1044.0
213,광진구,중곡동,551.0,558.0,648.0,731.0,700.0,750.0,770.0
214,광진구,능동,952.0,849.0,,615.0,807.0,1661.0,1335.0
215,광진구,구의동,950.0,648.0,761.0,847.0,911.0,829.0,1049.0
216,광진구,광장동,341.0,588.0,760.0,742.0,881.0,787.0,947.0
217,광진구,자양동,639.0,634.0,745.0,792.0,880.0,1037.0,1238.0
218,광진구,화양동,1221.0,1010.0,1323.0,1025.0,1332.0,1315.0,1633.0
219,광진구,군자동,111.0,109.0,749.0,130.0,164.0,182.0,1039.0
220,동대문구,신설동,,1157.0,824.0,841.0,929.0,977.0,1441.0
221,동대문구,용두동,195.0,177.0,224.0,220.0,208.0,201.0,228.0
222,동대문구,제기동,657.0,573.0,549.0,681.0,606.0,671.0,758.0
223,동대문구,전농동,568.0,707.0,508.0,579.0,694.0,617.0,600.0
224,동대문구,답십리동,612.0,617.0,623.0,580.0,605.0,1082.0,761.0
225,동대문구,장안동,578.0,552.0,626.0,629.0,817.0,767.0,868.0
226,동대문구,청량리동,604.0,1653.0,844.0,665.0,745.0,700.0,691.0
227,동대문구,회기동,985.0,754.0,755.0,858.0,1018.0,950.0,654.0
228,동대문구,휘경동,879.0,941.0,1197.0,1184.0,830.0,822.0,850.0
229,동대문구,이문동,590.0,858.0,906.0,628.0,605.0,805.0,1000.0
230,중랑구,면목동,626.0,548.0,592.0,599.0,661.0,698.0,760.0
231,중랑구,상봉동,644.0,774.0,622.0,685.0,771.0,869.0,823.0
232,중랑구,중화동,511.0,556.0,425.0,571.0,658.0,687.0,613.0
233,중랑구,묵동,706.0,600.0,604.0,730.0,699.0,784.0,714.0
234,중랑구,망우동,387.0,457.0,425.0,568.0,637.0,669.0,528.0
235,중랑구,신내동,473.0,332.0,538.0,393.0,512.0,541.0,
236,성북구,성북동,750.0,902.0,819.0,783.0,780.0,886.0,576.0
237,성북구,성북동1가,,,,,,,
238,성북구,돈암동,636.0,829.0,,,,1114.0,
239,성북구,동소문동1가,1037.0,727.0,1377.0,792.0,838.0,1219.0,
240,성북구,동소문동2가,1152.0,714.0,878.0,830.0,882.0,1050.0,1579.0
241,성북구,동소문동3가,,816.0,535.0,1335.0,505.0,,
242,성북구,동소문동4가,,,629.0,661.0,834.0,780.0,1025.0
243,성북구,동소문동5가,863.0,949.0,907.0,1866.0,898.0,1051.0,1152.0
244,성북구,동소문동6가,696.0,,1495.0,1372.0,1030.0,605.0,
245,성북구,동소문동7가,,,752.0,,,,
246,성북구,삼선동1가,796.0,374.0,,,658.0,954.0,1010.0
247,성북구,삼선동2가,,,960.0,547.0,517.0,859.0,
248,성북구,삼선동3가,825.0,,830.0,,,,
249,성북구,삼선동4가,,711.0,805.0,897.0,1022.0,987.0,
250,성북구,삼선동5가,737.0,709.0,780.0,869.0,795.0,1070.0,
251,성북구,동선동1가,2327.0,940.0,2629.0,1470.0,1072.0,1408.0,1380.0
252,성북구,동선동2가,894.0,829.0,796.0,,798.0,1196.0,
253,성북구,동선동3가,,818.0,634.0,549.0,659.0,716.0,1119.0
254,성북구,동선동4가,637.0,1023.0,650.0,1182.0,1544.0,1057.0,785.0
255,성북구,동선동5가,569.0,855.0,414.0,683.0,,750.0,
256,성북구,안암동1가,970.0,820.0,,,820.0,1042.0,
257,성북구,안암동2가,796.0,816.0,815.0,709.0,935.0,955.0,
258,성북구,안암동3가,,553.0,,621.0,757.0,,
259,성북구,안암동4가,538.0,429.0,615.0,,922.0,636.0,
260,성북구,안암동5가,863.0,1051.0,1220.0,1865.0,917.0,878.0,869.0
261,성북구,보문동4가,,,623.0,,1102.0,1350.0,
262,성북구,보문동5가,696.0,,741.0,663.0,943.0,937.0,
263,성북구,보문동6가,534.0,,573.0,884.0,715.0,,
264,성북구,보문동7가,736.0,770.0,739.0,915.0,761.0,978.0,1213.0
265,성북구,보문동1가,,841.0,685.0,601.0,1397.0,724.0,1530.0
266,성북구,보문동2가,755.0,1470.0,848.0,750.0,1157.0,,
267,성북구,보문동3가,,,,,,,
268,성북구,정릉동,670.0,309.0,441.0,450.0,594.0,580.0,477.0
269,성북구,길음동,1333.0,689.0,845.0,856.0,785.0,1177.0,1956.0
270,성북구,종암동,793.0,836.0,735.0,750.0,575.0,827.0,587.0
271,성북구,하월곡동,460.0,871.0,498.0,547.0,714.0,826.0,609.0
272,성북구,상월곡동,411.0,493.0,639.0,350.0,478.0,552.0,474.0
273,성북구,장위동,337.0,342.0,366.0,408.0,439.0,483.0,539.0
274,성북구,석관동,689.0,496.0,548.0,555.0,547.0,598.0,520.0
275,강북구,미아동,575.0,555.0,591.0,634.0,628.0,689.0,830.0
276,강북구,번동,726.0,569.0,513.0,519.0,634.0,496.0,941.0
277,강북구,수유동,521.0,576.0,550.0,535.0,629.0,658.0,740.0
278,강북구,우이동,470.0,302.0,528.0,567.0,452.0,741.0,870.0
279,도봉구,쌍문동,737.0,461.0,572.0,502.0,483.0,522.0,682.0
280,도봉구,방학동,486.0,499.0,435.0,449.0,429.0,544.0,590.0
281,도봉구,창동,453.0,481.0,491.0,480.0,651.0,618.0,501.0
282,도봉구,도봉동,458.0,368.0,421.0,519.0,488.0,492.0,582.0
283,노원구,월계동,627.0,508.0,784.0,588.0,639.0,727.0,671.0
284,노원구,공릉동,583.0,747.0,626.0,737.0,670.0,694.0,699.0
285,노원구,하계동,389.0,504.0,690.0,561.0,811.0,923.0,447.0
286,노원구,상계동,480.0,570.0,544.0,513.0,565.0,661.0,675.0
287,노원구,중계동,555.0,1616.0,515.0,520.0,663.0,515.0,1683.0
288,은평구,수색동,,913.0,648.0,816.0,468.0,451.0,686.0
289,은평구,녹번동,572.0,563.0,521.0,541.0,664.0,964.0,1168.0
290,은평구,불광동,619.0,568.0,765.0,677.0,754.0,836.0,1267.0
291,은평구,갈현동,345.0,557.0,428.0,514.0,502.0,220.0,867.0
292,은평구,구산동,573.0,405.0,166.0,460.0,576.0,620.0,1166.0
293,은평구,대조동,1161.0,668.0,693.0,710.0,1080.0,900.0,1932.0
294,은평구,응암동,482.0,588.0,572.0,626.0,653.0,858.0,1199.0
295,은평구,역촌동,558.0,640.0,540.0,594.0,634.0,870.0,765.0
296,은평구,신사동,2418.0,1934.0,2000.0,2049.0,2171.0,2322.0,2547.0
297,은평구,증산동,911.0,551.0,518.0,524.0,727.0,593.0,
298,은평구,진관동,,604.0,406.0,211.0,260.0,513.0,
299,서대문구,충정로2가,612.0,2402.0,393.0,572.0,850.0,1191.0,
300,서대문구,충정로3가,710.0,2397.0,,834.0,726.0,900.0,
301,서대문구,합동,,,,,1172.0,,
302,서대문구,미근동,1577.0,413.0,756.0,,4502.0,,1700.0
303,서대문구,냉천동,,,1478.0,1027.0,1112.0,1656.0,
304,서대문구,천연동,514.0,,,,,847.0,692.0
305,서대문구,옥천동,552.0,529.0,528.0,863.0,1102.0,,
306,서대문구,영천동,,,468.0,895.0,790.0,705.0,
307,서대문구,현저동,238.0,,437.0,424.0,743.0,,270.0
308,서대문구,북아현동,1141.0,383.0,842.0,841.0,703.0,714.0,2429.0
309,서대문구,홍제동,723.0,512.0,507.0,541.0,880.0,749.0,1134.0
310,서대문구,대현동,1625.0,1086.0,1239.0,1809.0,1480.0,2016.0,2010.0
311,서대문구,대신동,1045.0,1019.0,1287.0,1338.0,,,
312,서대문구,신촌동,83.0,61.0,79.0,63.0,443.0,85.0,89.0
313,서대문구,봉원동,,,,,,,
314,서대문구,창천동,1137.0,1305.0,1131.0,1425.0,1484.0,1589.0,1814.0
315,서대문구,연희동,678.0,251.0,225.0,222.0,202.0,272.0,390.0
316,서대문구,홍은동,422.0,700.0,535.0,579.0,653.0,685.0,424.0
317,서대문구,북가좌동,571.0,558.0,852.0,571.0,502.0,608.0,
318,서대문구,남가좌동,492.0,500.0,525.0,632.0,642.0,1027.0,1421.0
319,마포구,아현동,,768.0,878.0,711.0,880.0,894.0,1119.0
320,마포구,공덕동,1138.0,751.0,720.0,762.0,932.0,1084.0,1472.0
321,마포구,신공덕동,,704.0,528.0,903.0,1761.0,,2384.0
322,마포구,도화동,305.0,206.0,304.0,269.0,317.0,290.0,295.0
323,마포구,용강동,1531.0,,,830.0,1270.0,965.0,1204.0
324,마포구,토정동,,,,,,,997.0
325,마포구,마포동,410.0,,1720.0,,,,
326,마포구,대흥동,1022.0,1065.0,794.0,776.0,1075.0,1032.0,1941.0
327,마포구,염리동,801.0,801.0,807.0,745.0,715.0,1247.0,1615.0
328,마포구,노고산동,773.0,901.0,1064.0,1396.0,1341.0,1209.0,2138.0
329,마포구,신수동,637.0,618.0,726.0,1241.0,811.0,2032.0,755.0
330,마포구,현석동,,951.0,,,,,
331,마포구,구수동,,,,993.0,1500.0,1068.0,1482.0
332,마포구,창전동,981.0,1641.0,1236.0,2047.0,1052.0,1044.0,735.0
333,마포구,상수동,1084.0,855.0,1621.0,1094.0,1437.0,1584.0,2104.0
334,마포구,하중동,267.0,251.0,285.0,221.0,432.0,321.0,
335,마포구,신정동,681.0,586.0,639.0,677.0,746.0,755.0,1375.0
336,마포구,당인동,1119.0,,,,1065.0,,1395.0
337,마포구,서교동,1401.0,1510.0,1128.0,1426.0,1521.0,1779.0,1755.0
338,마포구,동교동,1075.0,1079.0,1397.0,1831.0,2185.0,1901.0,1975.0
339,마포구,합정동,907.0,977.0,1090.0,1519.0,1040.0,1704.0,1509.0
340,마포구,망원동,742.0,737.0,711.0,819.0,997.0,1287.0,1023.0
341,마포구,연남동,654.0,833.0,913.0,1084.0,1215.0,1236.0,1814.0
342,마포구,성산동,739.0,622.0,572.0,868.0,893.0,1150.0,781.0
343,마포구,중동,504.0,566.0,554.0,505.0,608.0,563.0,701.0
344,마포구,상암동,1074.0,848.0,1448.0,841.0,3463.0,1040.0,1600.0
345,양천구,신정동,681.0,586.0,639.0,677.0,746.0,755.0,1375.0
346,양천구,목동,115.0,73.0,62.0,65.0,92.0,90.0,101.0
347,양천구,신월동,440.0,447.0,429.0,470.0,460.0,482.0,679.0
348,강서구,염창동,742.0,668.0,588.0,788.0,731.0,1024.0,775.0
349,강서구,등촌동,933.0,726.0,642.0,768.0,800.0,874.0,1317.0
350,강서구,화곡동,622.0,593.0,584.0,649.0,628.0,756.0,822.0
351,강서구,가양동,597.0,865.0,700.0,888.0,745.0,827.0,1005.0
352,강서구,마곡동,,,,,,,1821.0
353,강서구,내발산동,682.0,664.0,690.0,734.0,517.0,821.0,681.0
354,강서구,외발산동,,,,,277.0,1172.0,
355,강서구,공항동,,432.0,685.0,588.0,723.0,610.0,696.0
356,강서구,방화동,630.0,417.0,609.0,511.0,552.0,631.0,892.0
357,강서구,개화동,,,,283.0,475.0,,
358,강서구,과해동,,,,,,,
359,강서구,오곡동,,,,,,,
360,강서구,오쇠동,,,,,,,
361,구로구,신도림동,186.0,459.0,1372.0,507.0,603.0,525.0,538.0
362,구로구,구로동,662.0,633.0,604.0,537.0,687.0,705.0,768.0
363,구로구,가리봉동,,256.0,680.0,510.0,753.0,701.0,388.0
364,구로구,고척동,421.0,315.0,555.0,484.0,425.0,483.0,465.0
365,구로구,개봉동,392.0,427.0,480.0,492.0,560.0,640.0,587.0
366,구로구,오류동,1207.0,754.0,500.0,494.0,980.0,815.0,558.0
367,구로구,궁동,,281.0,429.0,523.0,451.0,,451.0
368,구로구,온수동,390.0,395.0,394.0,364.0,644.0,420.0,493.0
369,구로구,천왕동,,,,,258.0,,561.0
370,구로구,항동,121.0,192.0,156.0,225.0,200.0,441.0,686.0
371,금천구,가산동,1053.0,885.0,740.0,721.0,759.0,845.0,943.0
372,금천구,독산동,488.0,490.0,530.0,585.0,624.0,671.0,724.0
373,금천구,시흥동,592.0,501.0,526.0,659.0,580.0,637.0,752.0
374,영등포구,영등포동,1122.0,927.0,848.0,805.0,925.0,947.0,1114.0
375,영등포구,영등포동1가,,,,,,,
376,영등포구,영등포동2가,,,,,,,
377,영등포구,영등포동3가,,,,,,,
378,영등포구,영등포동4가,,,,,,,
379,영등포구,영등포동5가,,,,,,,
380,영등포구,영등포동6가,,,,,,,
381,영등포구,영등포동7가,,,,,,,
382,영등포구,영등포동8가,,,,,,,
383,영등포구,여의도동,4825.0,2600.0,2849.0,4186.0,2721.0,2538.0,5839.0
384,영등포구,당산동1가,,,,,,,
385,영등포구,당산동2가,,,,,,,
386,영등포구,당산동3가,,,,,,,
387,영등포구,당산동4가,,,,,,,
388,영등포구,당산동5가,,,,,,,
389,영등포구,당산동6가,,,,,,,
390,영등포구,당산동,729.0,745.0,707.0,662.0,864.0,931.0,807.0
391,영등포구,도림동,237.0,435.0,173.0,245.0,296.0,250.0,196.0
392,영등포구,문래동1가,,423.0,519.0,604.0,514.0,463.0,567.0
393,영등포구,문래동2가,543.0,,500.0,457.0,572.0,640.0,634.0
394,영등포구,문래동3가,777.0,690.0,456.0,571.0,569.0,665.0,791.0
395,영등포구,문래동4가,530.0,483.0,485.0,539.0,559.0,589.0,694.0
396,영등포구,문래동5가,1150.0,,511.0,1219.0,586.0,,
397,영등포구,문래동6가,,,,1410.0,,655.0,
398,영등포구,양평동1가,,,,,,,
399,영등포구,양평동2가,,,,,,,
400,영등포구,양평동3가,,,,,,,
401,영등포구,양평동4가,,,,,,,
402,영등포구,양평동5가,,,,,,,
403,영등포구,양평동6가,,,,,,,
404,영등포구,양화동,,,,,,,
405,영등포구,신길동,500.0,696.0,627.0,559.0,680.0,850.0,870.0
406,영등포구,대림동,506.0,612.0,544.0,568.0,615.0,709.0,1010.0
407,영등포구,양평동,843.0,528.0,768.0,691.0,783.0,780.0,1009.0
408,동작구,노량진동,865.0,963.0,873.0,914.0,924.0,900.0,1229.0
409,동작구,상도동,538.0,751.0,705.0,771.0,829.0,981.0,827.0
410,동작구,상도1동,902.0,942.0,977.0,919.0,1177.0,1195.0,1598.0
411,동작구,본동,1126.0,,530.0,1484.0,2021.0,1656.0,1720.0
412,동작구,흑석동,711.0,791.0,763.0,706.0,990.0,875.0,1441.0
413,동작구,동작동,,,853.0,,,414.0,626.0
414,동작구,사당동,922.0,826.0,796.0,822.0,1078.0,1200.0,1206.0
415,동작구,대방동,695.0,1106.0,675.0,917.0,753.0,891.0,907.0
416,동작구,신대방동,782.0,717.0,793.0,767.0,823.0,690.0,908.0
417,관악구,봉천동,818.0,783.0,823.0,824.0,945.0,1074.0,1072.0
418,관악구,신림동,714.0,657.0,600.0,724.0,848.0,879.0,1114.0
419,관악구,남현동,658.0,3319.0,818.0,946.0,951.0,1409.0,
420,서초구,방배동,949.0,922.0,889.0,1006.0,1273.0,1403.0,1685.0
421,서초구,양재동,966.0,919.0,848.0,1101.0,1066.0,1266.0,1332.0
422,서초구,우면동,293.0,314.0,688.0,442.0,646.0,835.0,1590.0
423,서초구,원지동,,399.0,,,261.0,,479.0
424,서초구,잠원동,1174.0,1249.0,1496.0,1376.0,2151.0,1755.0,1946.0
425,서초구,반포동,1181.0,873.0,1321.0,1372.0,1763.0,1670.0,1718.0
426,서초구,서초동,1396.0,1136.0,1548.0,1326.0,1868.0,1624.0,1750.0
427,서초구,내곡동,,343.0,,306.0,373.0,,
428,서초구,염곡동,,911.0,650.0,285.0,909.0,446.0,
429,서초구,신원동,,464.0,870.0,1013.0,1752.0,716.0,532.0
430,강남구,역삼동,1304.0,1542.0,1462.0,1710.0,1875.0,1879.0,2336.0
431,강남구,개포동,930.0,851.0,702.0,959.0,1139.0,1100.0,1256.0
432,강남구,청담동,2547.0,1820.0,2304.0,2183.0,2561.0,2577.0,2799.0
433,강남구,삼성동,1724.0,1432.0,1605.0,1918.0,1791.0,2779.0,2699.0
434,강남구,대치동,1740.0,1241.0,1712.0,1678.0,1895.0,2285.0,2340.0
435,강남구,신사동,2418.0,1934.0,2000.0,2049.0,2171.0,2322.0,2547.0
436,강남구,논현동,506.0,497.0,366.0,569.0,500.0,383.0,825.0
437,강남구,압구정동,,3806.0,4826.0,,,,3530.0
438,강남구,세곡동,,,,,,1139.0,
439,강남구,자곡동,,,,,,,
440,강남구,율현동,,,,,,,
441,강남구,일원동,403.0,556.0,567.0,593.0,412.0,1217.0,
442,강남구,수서동,488.0,,1226.0,1290.0,,,2150.0
443,강남구,도곡동,961.0,1017.0,1167.0,1263.0,1471.0,1701.0,1661.0
444,송파구,잠실동,1558.0,1095.0,1180.0,1681.0,1401.0,1604.0,1545.0
445,송파구,신천동,288.0,314.0,304.0,355.0,388.0,369.0,284.0
446,송파구,풍납동,392.0,488.0,838.0,716.0,738.0,726.0,852.0
447,송파구,송파동,894.0,1032.0,1038.0,932.0,1172.0,1029.0,1509.0
448,송파구,석촌동,706.0,815.0,923.0,1130.0,1068.0,1037.0,1305.0
449,송파구,삼전동,817.0,1132.0,1129.0,1034.0,1022.0,1254.0,1609.0
450,송파구,가락동,938.0,827.0,844.0,855.0,906.0,1015.0,1218.0
451,송파구,문정동,769.0,761.0,850.0,805.0,917.0,1048.0,1290.0
452,송파구,장지동,,790.0,197.0,,178.0,191.0,281.0
453,송파구,방이동,900.0,816.0,1239.0,1205.0,1164.0,1792.0,1886.0
454,송파구,오금동,629.0,618.0,703.0,812.0,850.0,802.0,856.0
455,송파구,거여동,837.0,854.0,1068.0,719.0,710.0,846.0,2032.0
456,송파구,마천동,684.0,500.0,643.0,724.0,647.0,726.0,929.0
457,강동구,명일동,723.0,994.0,727.0,776.0,911.0,1269.0,1096.0
458,강동구,고덕동,492.0,539.0,586.0,486.0,862.0,787.0,
459,강동구,상일동,496.0,627.0,1346.0,911.0,878.0,810.0,
460,강동구,길동,713.0,699.0,870.0,800.0,944.0,903.0,1250.0
461,강동구,둔촌동,,578.0,621.0,524.0,722.0,777.0,1086.0
462,강동구,암사동,542.0,687.0,675.0,680.0,873.0,686.0,719.0
463,강동구,성내동,757.0,675.0,801.0,771.0,844.0,865.0,1047.0
464,강동구,천호동,789.0,790.0,667.0,740.0,802.0,971.0,929.0
465,강동구,강일동,,,,,628.0,,454.0
