,법정동코드,법정동명,2012~2013,2013~2014,2014~2015,2015~2016,2016~2017,2017~2018
0,1168010300,서울특별시 강남구 개포동,-8.465811812366654,-17.517129262555283,36.61769297921992,18.745135331076806,-3.4249286637766465,14.23536447266296
1,1168010800,서울특별시 강남구 논현동,-31.187786991149906,1.4713865632949656,16.893633748898708,1.9483640183118969,11.137941424464872,7.606853257319643
2,1168010600,서울특별시 강남구 대치동,-28.697278567686553,37.92802866736702,-1.9690291589907374,12.931323662332849,20.574933628225203,2.405268671254132
3,1168011800,서울특별시 강남구 도곡동,5.858752100405083,14.68581624111329,8.257445047743227,16.458596125266485,15.64800765395741,-2.351666508024363
4,1168010500,서울특별시 강남구 삼성동,-16.94731007869688,12.081274331934178,19.49963845268962,-6.6361075424053455,55.14478114102199,-2.8554620034542313
5,1168011100,서울특별시 강남구 세곡동,,,,,,
6,1168011500,서울특별시 강남구 수서동,,,5.232405017877309,,,
7,1168010700,서울특별시 강남구 신사동,-20.007824004558763,3.3928359103997683,2.489,5.928002029486091,6.964566241927038,9.708496662234683
8,1168011000,서울특별시 강남구 압구정동,,26.795802592022167,,,,
9,1168010100,서울특별시 강남구 역삼동,18.321551979313487,-5.2027339694275545,16.972110137405124,9.603665842553465,0.2391158047867955,24.324981406864616
10,1168011300,서울특별시 강남구 율현동,,,,,,
11,1168011400,서울특별시 강남구 일원동,37.754802404804856,1.910026208715701,4.61574711273304,-30.52884258765997,195.42629133250455,
12,1168011200,서울특별시 강남구 자곡동,,,,,,
13,1168010400,서울특별시 강남구 청담동,-28.541583166922678,26.587875568368784,-5.236704275557635,17.289550571059596,0.6184979335898532,8.623827436530043
14,1174011000,서울특별시 강동구 강일동,,,,,,
15,1174010200,서울특별시 강동구 고덕동,9.563071280908224,8.701008177129806,-16.952506506308477,77.08151291204499,-8.729813493524604,
16,1174010500,서울특별시 강동구 길동,-1.8692618929954357,24.393022578499707,-8.043537251159004,18.029541092121892,-4.35358839762865,38.365088209629214
17,1174010600,서울특별시 강동구 둔촌동,,7.393339988112679,-15.60373459747378,37.73583646039832,7.688801908424749,39.77903216783936
18,1174010100,서울특별시 강동구 명일동,37.31257646082036,-26.842421756286125,6.7646968235303175,17.439423978190547,39.23809929041304,-13.640910207862088
19,1174010300,서울특별시 강동구 상일동,26.275042522713154,114.57601617213135,-32.27986089090125,-3.6117949104856417,-7.740318841816346,
20,1174010800,서울특별시 강동구 성내동,-10.864628991580776,18.626737828536225,-3.6447235897356514,9.364057169479553,2.5223156031464855,20.995488090358826
21,1174010700,서울특별시 강동구 암사동,26.78538500913861,-1.6957267522950938,0.6672278803875038,28.317896188255034,-21.398688043475023,4.860635212294789
22,1174010900,서울특별시 강동구 천호동,0.05443867007050814,-15.557381424909625,10.941947203474804,8.397207271469641,21.05264338615054,-4.347833249149219
23,1130510100,서울특별시 강북구 미아동,-3.480827310965008,6.407245999271744,7.318762242938448,-1.0096396824456575,9.69584263359553,20.49389959400266
24,1130510200,서울특별시 강북구 번동,-21.605088081533527,-9.867161380046639,1.1951590476990164,22.069809545224924,-21.7749145714251,89.83655241935485
25,1130510300,서울특별시 강북구 수유동,10.54936291225426,-4.507769665496495,-2.714640936074561,17.55715468143978,4.613019257769942,12.5268903257393
26,1130510400,서울특별시 강북구 우이동,-35.83448448676961,75.02289362893556,7.344176813599114,-20.239354318658073,63.803063541418894,17.431197732078136
27,1150010400,서울특별시 강서구 가양동,44.67646508852265,-19.06177193701848,26.9617832975682,-16.092641048841987,10.890278278329815,21.626938354253024
28,1150011000,서울특별시 강서구 개화동,,,,68.14573161015042,,
29,1150010800,서울특별시 강서구 공항동,,58.354245310369315,-14.082736342242345,22.814976305570696,-15.603210938780972,14.094401137755458
30,1150011100,서울특별시 강서구 과해동,,,,,,
31,1150010600,서울특별시 강서구 내발산동,-2.5697320785437188,3.8360732065901333,6.345178400164298,-29.58868058200873,58.92595988935501,-17.066043534086692
32,1150010200,서울특별시 강서구 등촌동,-22.193362861151765,-11.593057157238857,19.692280187118662,4.189683617759874,9.204055524945915,50.66545663462277
33,1150010500,서울특별시 강서구 마곡동,,,,,,
34,1150010900,서울특별시 강서구 방화동,-33.78205935227558,46.005825807633414,-16.114951535540193,7.947890709220164,14.293434794199808,41.35701699341434
35,1150010100,서울특별시 강서구 염창동,-9.967597520231854,-12.006028466929447,34.01543565984564,-7.163291942255876,39.97152445289784,-24.340612462050586
36,1150011200,서울특별시 강서구 오곡동,,,,,,
37,1150011300,서울특별시 강서구 오쇠동,,,,,,
38,1150010700,서울특별시 강서구 외발산동,,,,,323.3217998824158,
39,1150010300,서울특별시 강서구 화곡동,-4.674531926406492,-1.6499605043387975,11.18490056401334,-3.203508147323216,20.34237375552409,8.731910420359316
40,1162010300,서울특별시 관악구 남현동,403.893740919044,-75.35147802095193,15.647333703194082,0.5588076234699202,48.1542894599188,
41,1162010100,서울특별시 관악구 봉천동,-4.183209122805473,5.065078218890417,0.0833002034904971,14.654772659604903,13.706137566137565,-0.19366732959648142
42,1162010200,서울특별시 관악구 신림동,-7.941339902780252,-8.729283448816142,20.77295,17.07861735595595,3.7137972630227543,26.635704938098325
43,1121510400,서울특별시 광진구 광장동,72.08517950133579,29.270475242107196,-2.4438644164759724,18.785579616955545,-10.71542574732285,20.43289265589553
44,1121510300,서울특별시 광진구 구의동,-31.782568116364796,17.459767010174737,11.275679824371316,7.599042772616952,-9.046409121941203,26.53670570624967
45,1121510900,서울특별시 광진구 군자동,14.718613931972838,-1.0899239389642594,-2.5339681855039538,-1.2006331920869338,55.66824615518513,-7.449227416304917
46,1121510200,서울특별시 광진구 능동,-10.871579965346335,,,31.12321588367981,105.80750822592181,-19.623283527097833
47,1121510500,서울특별시 광진구 자양동,-0.7747766312171115,17.46432117825277,6.258071924164289,11.146615577938293,17.845069277134435,19.325641487775517
48,1121510100,서울특별시 광진구 중곡동,1.2696271476541705,16.04445491629522,12.822036688522779,-4.16554302608943,7.140707538157114,2.668096541596561
49,1121510700,서울특별시 광진구 화양동,-17.28598780465834,31.043355751609592,-22.497769322652275,29.854817310401234,-1.24791207636264,24.167238084233283
50,1153010300,서울특별시 구로구 가리봉동,,164.88072097818798,-24.934660178570535,47.47040261756117,-6.944911893641712,-44.610853937269866
51,1153010700,서울특별시 구로구 개봉동,8.914006349839829,12.20571787521891,2.621337506524082,13.683791379626667,14.380672764269008,-8.382172488398002
52,1153010600,서울특별시 구로구 고척동,-25.184493435907758,76.27228566261276,-12.795046976396241,-12.255156128733962,13.706612480098762,-3.7949098188349653
53,1153010200,서울특별시 구로구 구로동,-4.338457682219904,-4.518958030467333,-11.09052375426102,27.785715241964155,2.601262129847756,8.946543337793042
54,1153010900,서울특별시 구로구 궁동,,52.31690701344953,22.008065038649445,-13.831973867695657,,
55,1153010100,서울특별시 구로구 신도림동,146.79863714237868,198.3867214531555,-62.987516453529985,18.756654562181744,-12.78396113019187,2.37255086862222
56,1153010800,서울특별시 구로구 오류동,-37.51420027543441,-33.734934968790476,-1.13074,98.2774828091158,-16.78176827990525,-31.566829061613515
57,1153011000,서울특별시 구로구 온수동,1.3760881336005508,-0.17663682276158074,-7.687422515010818,76.68522620916818,-34.791628791836516,17.414903728027152
58,1153011100,서울특별시 구로구 천왕동,,,,,,
59,1153011200,서울특별시 구로구 항동,,,,,,55.31325440225888
60,1154510100,서울특별시 금천구 가산동,-15.977614879130785,-16.34291939376739,-2.55280964040453,5.181185069635413,11.364955881640146,11.536662911171703
61,1154510200,서울특별시 금천구 독산동,0.34321402881711965,8.308297257781962,10.304986047762979,6.593900231505757,7.623452754532775,7.8828055558450565
62,1154510300,서울특별시 금천구 시흥동,-15.247517664758664,4.819727609282193,25.406254258293423,-12.019173720545902,9.744560173462617,18.118111425126482
63,1135010300,서울특별시 노원구 공릉동,27.996979186257594,-16.222271795453057,17.836063761713646,-9.153023112629453,3.5673561205558006,0.8025755722885665
64,1135010500,서울특별시 노원구 상계동,18.89251560394384,-4.715436333290718,-5.674892293667015,10.222224820317363,16.878508975233384,2.142268325036944
65,1135010200,서울특별시 노원구 월계동,-18.937902288298833,54.26202893214325,-24.996142926688577,8.70056591299434,13.740322992059461,-7.635882986411701
66,1135010600,서울특별시 노원구 중계동,190.8004160809307,-68.13821744789733,1.0964784965287857,27.518329317343124,-22.430434677178738,226.93877828401338
67,1135010400,서울특별시 노원구 하계동,29.61140154369596,36.708638667510264,-18.723080707107375,44.71075076854091,13.774434834570618,-51.573522463235115
68,1132010800,서울특별시 도봉구 도봉동,-19.689349315643504,14.54034117505232,23.063238136597256,-5.828952292969718,0.7914886183752586,18.24370726100255
69,1132010600,서울특별시 도봉구 방학동,2.5363037829065624,-12.73802864758217,3.263677539392893,-4.508043001840249,26.769802095459838,8.442828457363525
70,1132010500,서울특별시 도봉구 쌍문동,-37.36010984214126,23.988324396242913,-12.22925208385184,-3.793802657709467,8.076960705330414,30.68621338100974
71,1132010700,서울특별시 도봉구 창동,6.126253603600825,1.9548611175991482,-2.202368128137782,35.5879632579444,-4.965096650703596,-18.94875948228164
72,1123010500,서울특별시 동대문구 답십리동,0.7759312055409348,0.9184831252319964,-6.821725744722933,4.175371813640765,78.80910816139965,-29.641787403226687
73,1123010100,서울특별시 동대문구 신설동,,-28.81753447659323,2.120179932443427,10.422705146106399,5.164933726820529,47.49291181343281
74,1123010200,서울특별시 동대문구 용두동,-1.4468320915971051,13.585282528938794,23.58822703831518,25.515604101529885,-15.410244492674545,5.317257349419768
75,1123011000,서울특별시 동대문구 이문동,45.32132568647944,5.5786420686737985,-30.62488783699396,-3.636356983470772,33.03674686234088,24.096792519842456
76,1123010600,서울특별시 동대문구 장안동,-4.505866493895173,13.529248652988601,0.40548558162700593,29.8282219818409,-6.011048336287683,13.071741980074847
77,1123010400,서울특별시 동대문구 전농동,24.607242661477077,-28.231570138614018,14.035991407222767,19.877983675578662,-11.09644894282647,-2.727337950182918
78,1123010300,서울특별시 동대문구 제기동,-12.777784280678434,-4.256457939193458,24.11403186539976,-11.111114370370283,10.820898108208981,13.005593159925425
79,1123010700,서울특별시 동대문구 청량리동,173.66258379411371,-48.939693322664404,-21.18276688857286,12.019281057145845,-6.026466663643581,-1.3357306301784153
80,1123010800,서울특별시 동대문구 회기동,-23.501525254959816,0.12289759320684482,13.678911055762356,18.642606549227438,-6.618615032763817,-31.191008891754798
81,1123010900,서울특별시 동대문구 휘경동,7.066462974870332,27.13770175314346,-1.0989102765398775,-29.91107996047998,-0.9097590361445783,3.3851582286561235
82,1159010100,서울특별시 동작구 노량진동,11.253522605485857,-9.291262559253514,4.615242520235485,1.1807726495726496,-2.6773479748998628,36.62518988296665
83,1159010800,서울특별시 동작구 대방동,59.13986163714282,-38.990214238599094,35.89660803428429,-17.858393824248633,18.240188719423813,1.7959247518402082
84,1159010600,서울특별시 동작구 동작동,,,,,,50.93139830242971
85,1159010400,서울특별시 동작구 본동,,,179.8048997453821,36.14575096218482,-18.06659849194346,3.9145559359000446
86,1159010700,서울특별시 동작구 사당동,-10.479706716457537,-3.6056008628631124,3.303848692505453,31.14449589854344,11.294873601233954,0.4918969431761584
87,1159010300,서울특별시 동작구 상도1동,4.469621849321713,3.7322181468439233,-5.930122759250112,28.01535958131744,1.5721518127144847,33.64212191866514
88,1159010200,서울특별시 동작구 상도동,39.659209710739,-6.178362164909366,9.476974088278407,7.511548763938264,18.291424305974505,-15.656860638628107
89,1159010900,서울특별시 동작구 신대방동,-8.2739175537445,10.572161641184547,-3.2670929578785204,7.214546538334883,-16.095789717702644,31.60111094538962
90,1159010500,서울특별시 동작구 흑석동,11.256661838564808,-3.559248588332422,-7.4335223304431235,40.15687506900974,-11.543098215430982,64.56965767381978
91,1144010200,서울특별시 마포구 공덕동,-33.953865422077634,-4.1712423074048655,5.774441277890312,22.381814508405554,16.21252100316047,35.852046727523636
92,1144011300,서울특별시 마포구 구수동,,,,51.04059585396761,-28.742725727427256,38.69412123491299
93,1144011000,서울특별시 마포구 노고산동,16.511075104600295,18.081189409594607,31.232951625133545,-3.932128925828126,-9.827163438247636,76.74654262089669
94,1144011800,서울특별시 마포구 당인동,,,,,,
95,1144010800,서울특별시 마포구 대흥동,4.221059706705619,-25.433374293715037,-2.26738083170365,38.538852358795225,-3.971365849712552,88.01049974486511
96,1144010400,서울특별시 마포구 도화동,90.05542341486472,-25.580718843394013,10.200864237786085,10.567810678732355,-20.11221827209701,-22.489672995545323
97,1144012100,서울특별시 마포구 동교동,0.35459904925802893,29.513292168297983,31.006037368737303,19.313840905268723,-12.958188261740274,3.8708710682317067
98,1144010700,서울특별시 마포구 마포동,,,,,,
99,1144012300,서울특별시 마포구 망원동,-0.714804934902006,-3.5617452622300574,15.284497239579627,21.659045418896223,29.044518603908323,-20.507035425353635
100,1144011500,서울특별시 마포구 상수동,-21.09325790782755,89.55359595145012,-32.50450565989806,31.275675428780232,10.257389832725835,32.79432230213103
101,1144012700,서울특별시 마포구 상암동,-20.973191791254607,70.64539098668436,-41.919266746706306,311.6604684965513,-69.958089327967,53.86109626645034
102,1144012000,서울특별시 마포구 서교동,7.815561317896351,-25.299245109896983,26.435027512577623,6.619756021655812,16.953745479503027,-1.34079813829563
103,1144012500,서울특별시 마포구 성산동,-15.758944039286126,-8.041878334755692,51.57363032710701,2.8919164274655755,28.76151807233501,-32.09287950996535
104,1144010300,서울특별시 마포구 신공덕동,,-25.012083272591674,71.0882456941362,94.8493750389318,,
105,1144011100,서울특별시 마포구 신수동,-2.975812992448264,17.346295892226504,71.0636540714579,-34.677137674128744,150.56240699222485,-62.818829518291885
106,1144011700,서울특별시 마포구 신정동,,,,,,
107,1144010100,서울특별시 마포구 아현동,,14.314999999349206,-19.011929992674265,23.71765943058947,1.7005227272727272,25.124613867408833
108,1144012400,서울특별시 마포구 연남동,27.419372595214373,9.599951232003901,18.723072526668805,12.050036105011634,1.7417283950617284,46.80325070662259
109,1144010900,서울특별시 마포구 염리동,-0.049412601461165565,0.8253487120779907,-7.748719649166166,-3.914211303092467,74.216328177208,29.554174140127696
110,1144010500,서울특별시 마포구 용강동,,,,52.960468682020874,-23.96391438897798,24.715782524827517
111,1144012600,서울특별시 마포구 중동,,,,-15.115610818704003,10.904536833605913,
112,1144011400,서울특별시 마포구 창전동,67.22066087627068,-24.66300740829207,65.59871107692531,-48.587669132683835,-0.7634196946321221,-29.60971514346216
113,1144010600,서울특별시 마포구 토정동,,,,,,
114,1144011600,서울특별시 마포구 하중동,,,,,,
115,1144012200,서울특별시 마포구 합정동,7.703606589753005,11.606298671159168,39.34572173048818,-31.513099067599835,63.71458326127975,-11.394337864387603
116,1144011200,서울특별시 마포구 현석동,,,,,,
117,1141012000,서울특별시 서대문구 남가좌동,1.5384702863912862,5.1292,20.301876167610903,1.6031956379415588,59.98443579766537,38.284755326393615
118,1141010500,서울특별시 서대문구 냉천동,,,-30.47066789964695,8.232432563909226,48.901693574484916,
119,1141011300,서울특별시 서대문구 대신동,-2.5281481828606185,26.317318032323644,3.941849409980923,,,
120,1141011200,서울특별시 서대문구 대현동,-33.157272301029906,14.087693910840596,46.02634258594341,-18.1815067452391,36.21401900527234,-0.3300966541645079
121,1141010400,서울특별시 서대문구 미근동,-73.76405014313207,82.76150918761049,,,,
122,1141011500,서울특별시 서대문구 봉원동,,,,,,
123,1141011900,서울특별시 서대문구 북가좌동,-2.236747704900985,52.65418882445303,-32.922541056059224,-12.039727038380418,20.928124104051506,
124,1141011000,서울특별시 서대문구 북아현동,-66.44564983154365,119.89382226782269,-0.10630736029468771,-16.4242809396428,1.578082586070768,240.07498680149973
125,1141011400,서울특별시 서대문구 신촌동,,,,,,
126,1141011700,서울특별시 서대문구 연희동,-5.343628379166554,-12.034942776550958,23.328572676898126,-4.431282802112186,44.838468485964164,-8.023673853071077
127,1141010800,서울특별시 서대문구 영천동,,,91.41466112045072,-11.790101228254612,-10.673000485172624,
128,1141010700,서울특별시 서대문구 옥천동,-4.163654184970964,-0.03600061002608485,63.15964392499195,27.794095666470852,,
129,1141011600,서울특별시 서대문구 창천동,14.692129298049352,-13.286798481359881,25.94593830381892,4.150802019730043,7.089380815923454,14.149825380690224
130,1141010600,서울특별시 서대문구 천연동,,,,,,-18.2245388764922
131,1141010100,서울특별시 서대문구 충정로2가,292.3354374781612,-83.61404295856505,45.41963425344821,48.54141574471772,40.101090958346425,
132,1141010200,서울특별시 서대문구 충정로3가,237.57330918911765,,,-12.915478193149406,23.920837806353095,
133,1141010300,서울특별시 서대문구 합동,,,,,,
134,1141010900,서울특별시 서대문구 현저동,,,-2.9411737820066897,74.94579836048281,,
135,1141011800,서울특별시 서대문구 홍은동,65.79058186336299,-23.469385714285714,8.200583781317766,12.659122981957953,4.965712597743329,-38.060816565550816
136,1141011100,서울특별시 서대문구 홍제동,-29.183987546655818,-0.9351464729098494,6.750756701971217,62.44199569145122,-14.900550079850301,51.40444593481197
137,1165010900,서울특별시 서초구 내곡동,,,,21.986510150661445,,
138,1165010700,서울특별시 서초구 반포동,-26.031885493243273,51.19930827271412,3.8838676864812007,28.50314329780716,-5.311825689207286,2.9220199910666493
139,1165010100,서울특별시 서초구 방배동,-2.8390331092061607,-3.55323919659978,13.135990043013445,26.50600016289136,10.219915676745154,20.0297327754342
140,1165010800,서울특별시 서초구 서초동,-18.65612280331208,36.26605664472677,-14.28626793655715,40.82329181078983,-13.079443530861647,7.781780884495048
141,1165011100,서울특별시 서초구 신원동,,,,72.86285071623061,-59.113398131613444,
142,1165010200,서울특별시 서초구 양재동,-4.91500221200758,-7.700645849808908,29.860065022102752,-3.1518994006670553,18.69084153357867,5.257459294809274
143,1165011000,서울특별시 서초구 염곡동,,-28.62121351827215,-56.03201532424697,218.02689538375657,-50.89865569251253,
144,1165010300,서울특별시 서초구 우면동,7.124036774930862,118.77919655156639,-35.784457516332274,46.23852020164102,29.151407403650346,90.4214446077717
145,1165010400,서울특별시 서초구 원지동,,,,,,
146,1165010600,서울특별시 서초구 잠원동,6.386679306641183,19.797027467583,-8.007709642667152,56.33162076240403,-18.411291304465013,10.850682578305127
147,1120010900,서울특별시 성동구 금호동1가,,,,,53.07844220722246,-0.22394881170018283
148,1120011000,서울특별시 성동구 금호동2가,,,-14.834797017845334,,,-44.86348058532172
149,1120011100,서울특별시 성동구 금호동3가,,79.98318966164192,-38.392148141970935,56.82319800088285,49.16267245672263,-11.798139301627307
150,1120011200,서울특별시 성동구 금호동4가,-43.09070173228211,42.19608587307917,54.66551609683078,-28.501350982252795,46.022279023823245,
151,1120010400,서울특별시 성동구 도선동,1.1637914267932161,-38.01599718026667,112.07414255993544,-0.7963558250430385,-13.03544981377929,
152,1120010500,서울특별시 성동구 마장동,12.954916039489508,-13.934395120318378,24.825895038110186,-19.467949617568266,33.39669787585424,-5.652513137956604
153,1120010600,서울특별시 성동구 사근동,23.33316489196053,5.031269156129802,27.028590108253162,-25.153126975498374,-65.68421648572331,
154,1120010100,서울특별시 성동구 상왕십리동,,,,,,
155,1120011400,서울특별시 성동구 성수동1가,-1.0154545221927795,35.171555255770585,8.299079382329243,-2.06140287836259,1.6856065648902654,17.817005543762072
156,1120011500,서울특별시 성동구 성수동2가,-5.3256043343426605,-4.216114039427205,24.523902269795816,3.059205500197861,15.853657681050699,21.5303530682683
157,1120011800,서울특별시 성동구 송정동,-12.802591604263938,23.955225892340582,-23.063964558671344,62.03460774912644,17.315315791641968,
158,1120011300,서울특별시 성동구 옥수동,0.9503999881200001,98.32698287566242,-13.969310563156627,102.11320979497272,-13.356258143575108,
159,1120012200,서울특별시 성동구 용답동,,61.44192922440536,-25.00610027191497,27.90276587351482,5.662396409396893,23.57917757421751
160,1120010800,서울특별시 성동구 응봉동,,,,,,
161,1120010200,서울특별시 성동구 하왕십리동,18.453922951701024,2.7853900710867516,2.020955538443915,-25.490842355833845,71.0828477086222,1.8055446930574022
162,1120010700,서울특별시 성동구 행당동,58.29227586206896,41.001935311283624,0.32963263944035376,3.342738944300756,34.816288700962886,-22.578166044403574
163,1120010300,서울특별시 성동구 홍익동,-4.7756561264430015,16.262208500237975,21.612630492048012,4.357505674673756,26.76057908252062,10.875698347224542
164,1129013400,서울특별시 성북구 길음동,-48.30095707523927,22.68112187017822,1.230604044622818,-8.218751956609298,49.8273609122298,66.1667579838857
165,1129010300,서울특별시 성북구 돈암동,30.233971227225744,,,,,
166,1129011600,서울특별시 성북구 동선동1가,-59.58024345518696,179.5376664095005,-44.079790189128666,-27.036056325769014,31.265546379819554,-1.978660653556534
167,1129011700,서울특별시 성북구 동선동2가,-7.266723472489703,-3.875741129483987,,,49.844911605750205,
168,1129011800,서울특별시 성북구 동선동3가,,-22.56674688814111,-13.318896086835434,20.02507434793414,8.534447515985377,56.337904046995654
169,1129011900,서울특별시 성북구 동선동4가,60.53733798041905,-36.43663536716572,81.80013888446899,30.63253824564311,-31.548764596559163,-25.740537943739277
170,1129012000,서울특별시 성북구 동선동5가,50.083033521746216,-51.52898388633639,64.89085308045439,,,
171,1129010400,서울특별시 성북구 동소문동1가,-29.95327989763779,89.48092373759118,-42.48092966261401,5.838881010713029,45.42105270689176,
172,1129010500,서울특별시 성북구 동소문동2가,-38.000015623996376,23.01583246031665,-5.498765484084447,6.258926015547089,19.020585946593364,50.42098106394608
173,1129010600,서울특별시 성북구 동소문동3가,,-34.47537030286903,149.39817709350032,-62.11437576585565,,
174,1129010700,서울특별시 성북구 동소문동4가,,,5.145426920324069,26.14552090061951,-6.523096679653444,31.50615001040984
175,1129010800,서울특별시 성북구 동소문동5가,9.96232982125751,-4.3908972397534,105.68869319061464,-51.887446328077075,17.079252404130408,9.575468692492265
176,1129010900,서울특별시 성북구 동소문동6가,,,-8.225959940534747,-24.9128120076775,-41.19966460864215,
177,1129011000,서울특별시 성북구 동소문동7가,,,,,,
178,1129013000,서울특별시 성북구 보문동1가,,-18.570238044868795,-12.165812162411465,132.19775503153792,-48.17183640053701,111.26921200654877
179,1129013100,서울특별시 성북구 보문동2가,94.73681910581621,-42.29467396714784,-11.5518880575663,54.155987110723025,,
180,1129013200,서울특별시 성북구 보문동3가,,,,,,
181,1129012600,서울특별시 성북구 보문동4가,,,,,22.47778443944769,
182,1129012700,서울특별시 성북구 보문동5가,,,-10.598196278345888,42.289095987006,-0.5906744165388836,
183,1129012800,서울특별시 성북구 보문동6가,,,54.299971370255825,-19.165004530735267,,
184,1129012900,서울특별시 성북구 보문동7가,4.4951772834459005,-3.9374763822319068,23.760367278157076,-16.779636579707358,28.382532985852254,24.070183129451774
185,1129011100,서울특별시 성북구 삼선동1가,-52.98864327610517,,,,44.87753001736101,5.873544515182149
186,1129011200,서울특별시 성북구 삼선동2가,,,-43.02409431074912,-5.4592816614434385,66.18947467710582,
187,1129011300,서울특별시 성북구 삼선동3가,,,,,,
188,1129011400,서울특별시 성북구 삼선동4가,,13.186798359619358,11.451285121901126,13.901318911325756,-3.4014310797658234,
189,1129011500,서울특별시 성북구 삼선동5가,-3.8272512044013207,10.078088564285887,11.413356988286598,-8.500597946347723,34.473123178037156,
190,1129013700,서울특별시 성북구 상월곡동,20.04263567682799,29.582584781703904,-45.228765794340966,36.522615739557764,15.57289834663285,-14.0593733347447
191,1129013900,서울특별시 성북구 석관동,-28.031348085987762,10.496551385186567,1.2731615246438295,-1.3993198880544089,9.275594507007902,-13.039925718970999
192,1129010100,서울특별시 성북구 성북동,20.393373333333333,-9.222888568728534,-4.408347629698799,-0.44906553375444874,13.59404302148305,-34.982345355676244
193,1129010200,서울특별시 성북구 성북동1가,,,,,,
194,1129012100,서울특별시 성북구 안암동1가,-15.435561608405921,,,,27.043205236141755,
195,1129012200,서울특별시 성북구 안암동2가,2.5244202344322417,-0.08111494847841508,-13.100367482825371,31.93348632392712,2.0871909299472216,
196,1129012300,서울특별시 성북구 안암동3가,,,,21.97989803125148,,
197,1129012400,서울특별시 성북구 안암동4가,-20.245417686237978,43.39358590264055,,,-30.994846913842142,
198,1129012500,서울특별시 성북구 안암동5가,21.71398628280371,16.023071473065055,52.87532786885246,-50.829514460245385,-4.244045482321711,-1.0096935868184347
199,1129013800,서울특별시 성북구 장위동,1.5693453609960082,7.05953069063382,11.352663660438232,7.684987846776033,10.114244605495044,11.440790205001882
200,1129013300,서울특별시 성북구 정릉동,-53.89715029742711,42.92429243894692,1.9848566144198214,32.01251301127285,-2.4485125896586983,-17.751756811521485
201,1129013500,서울특별시 성북구 종암동,5.350550948568895,-11.999837357635611,1.9230847633142125,-23.255813333333332,43.69811116203547,-28.924847745059967
202,1129013600,서울특별시 성북구 하월곡동,89.02037299762578,-42.77354504144284,9.899013927605655,30.363922107137817,15.653190313063806,-26.16651950830789
203,1171010700,서울특별시 송파구 가락동,-11.839401530167892,2.0873508400532517,1.3332455585319,5.965045113256357,11.966665255261454,19.956412253809496
204,1171011300,서울특별시 송파구 거여동,2.039220975785601,25.03809148249301,-32.69208747782742,-1.2998748203826778,19.197745989511535,140.1757574640567
205,1171011400,서울특별시 송파구 마천동,-26.900897305279262,28.62563932025408,12.511785072593561,-10.545600424228532,12.140836925510824,27.924141238713116
206,1171010800,서울특별시 송파구 문정동,-1.0440610762611635,11.655719433015372,-5.277995179979635,13.814538513068598,14.336450774795349,23.070144821390766
207,1171011100,서울특별시 송파구 방이동,-9.358881910797255,51.75221936028734,-2.6948963780747626,-3.411302890289427,53.910283050946425,5.264297187119407
208,1171010600,서울특별시 송파구 삼전동,38.49062932792392,-0.22895989315204987,-8.37152186308084,-1.2200836965627593,22.716183671752574,28.279116481869703
209,1171010500,서울특별시 송파구 석촌동,15.352338058403378,13.277073217652642,22.394856300650456,-5.452021046707337,-2.92518019143673,25.82537676208767
210,1171010400,서울특별시 송파구 송파동,15.436637592123716,0.567010509021018,-10.147624189752714,25.725584219658188,-12.18853524909932,46.61264902353594
211,1171010200,서울특별시 송파구 신천동,,,,,,
212,1171011200,서울특별시 송파구 오금동,-1.7932041947939736,13.882838387683758,15.494868249749535,4.664143212036613,-5.739441602148935,6.807751617871193
213,1171010100,서울특별시 송파구 잠실동,-29.712319883201115,7.727556473869427,42.44447437777501,-16.655604561869282,14.493001828216183,-3.6870834283805327
214,1171010900,서울특별시 송파구 장지동,,,,,,
215,1171010300,서울특별시 송파구 풍납동,24.496090885323632,71.70889118900344,-14.535843558110356,2.9671349820608963,-1.6544148024734,17.386272294189364
216,1147010200,서울특별시 양천구 목동,24.7737451334235,-8.843784683615263,-2.7267122962869292,12.147149799275669,-3.7054079703567364,19.360627277090476
217,1147010300,서울특별시 양천구 신월동,1.6373841995013103,-4.07386822349277,9.685328193870044,-2.261108834625976,4.802224050785795,40.74073459932736
218,1147010100,서울특별시 양천구 신정동,-14.03553029238586,9.155714157510713,5.819705057167642,10.213988212436114,1.2618451686293135,82.05133057882193
219,1156011700,서울특별시 영등포구 당산동,2.1885566193772736,-5.073001214395299,-6.3842318866794034,30.449316324053825,7.771267563259556,-13.28393442425812
220,1156011100,서울특별시 영등포구 당산동1가,,,,,,
221,1156011200,서울특별시 영등포구 당산동2가,,,,,,
222,1156011300,서울특별시 영등포구 당산동3가,,,,,,
223,1156011400,서울특별시 영등포구 당산동4가,,,,,,
224,1156011500,서울특별시 영등포구 당산동5가,,,,,,
225,1156011600,서울특별시 영등포구 당산동6가,,,,,,
226,1156013300,서울특별시 영등포구 대림동,20.93937981171129,-11.152591502110019,4.345951615189532,8.390968631991639,15.261683713202592,42.39197766917351
227,1156011800,서울특별시 영등포구 도림동,1.7942053035897507,-23.531808111359254,102.82377048036203,-38.87685303581072,17.61410016742485,
228,1156011900,서울특별시 영등포구 문래동1가,,22.517421520557487,16.532753298907274,-15.016695042729392,-9.9078723302864,22.41591261198554
229,1156012000,서울특별시 영등포구 문래동2가,,,-8.566106890856808,25.168400161847774,11.7904695042298,-0.9379383478043926
230,1156012100,서울특별시 영등포구 문래동3가,-11.253656651744846,-33.8197742173489,25.074772552684394,-0.41727735059066606,16.961506447747755,18.876557799128832
231,1156012200,서울특별시 영등포구 문래동4가,-8.79225498503377,0.4450932098105402,11.134233864724273,3.6618821171432474,5.3508155631427625,17.78640469022342
232,1156012300,서울특별시 영등포구 문래동5가,,,138.65582878494433,-51.8910484721752,,
233,1156012400,서울특별시 영등포구 문래동6가,,,,,,
234,1156013200,서울특별시 영등포구 신길동,39.35932,-9.947206975464576,-10.779002136784827,21.50850891366624,24.99094468141155,2.4324347846336343
235,1156013400,서울특별시 영등포구 양평동,-37.384364219250585,45.46840357653139,-9.99385979935938,13.228365265394242,-0.30956209880063684,29.294339151819422
236,1156012500,서울특별시 영등포구 양평동1가,,,,,,
237,1156012600,서울특별시 영등포구 양평동2가,,,,,,
238,1156012700,서울특별시 영등포구 양평동3가,,,,,,
239,1156012800,서울특별시 영등포구 양평동4가,,,,,,
240,1156012900,서울특별시 영등포구 양평동5가,,,,,,
241,1156013000,서울특별시 영등포구 양평동6가,,,,,,
242,1156013100,서울특별시 영등포구 양화동,,,,,,
243,1156011000,서울특별시 영등포구 여의도동,-46.09514603591344,9.555528898464937,46.91301917165561,-34.98293694720654,-6.739403674595456,130.0660510932744
244,1156010100,서울특별시 영등포구 영등포동,-17.375677462702793,-8.487726320998071,-5.1100714355921175,14.999993790000161,2.303694064503434,17.671413990974354
245,1156010200,서울특별시 영등포구 영등포동1가,,,,,,
246,1156010300,서울특별시 영등포구 영등포동2가,,,,,,
247,1156010400,서울특별시 영등포구 영등포동3가,,,,,,
248,1156010500,서울특별시 영등포구 영등포동4가,,,,,,
249,1156010600,서울특별시 영등포구 영등포동5가,,,,,,
250,1156010700,서울특별시 영등포구 영등포동6가,,,,,,
251,1156010800,서울특별시 영등포구 영등포동7가,,,,,,
252,1156010900,서울특별시 영등포구 영등포동8가,,,,,,
253,1117010400,서울특별시 용산구 갈월동,,,-38.29171555354411,121.18400562616165,-17.147160378308364,-21.331962148350215
254,1117010500,서울특별시 용산구 남영동,,-25.164815686855487,85.48486878503087,-22.689486436070737,-6.088196104195453,3.843465694873476
255,1117012000,서울특별시 용산구 도원동,-24.7762042371918,61.94471199668916,,,13.649596790146568,
256,1117013200,서울특별시 용산구 동빙고동,-7.505110997955601,,,-33.9461590994478,85.20753109861054,79.055536224868
257,1117010700,서울특별시 용산구 동자동,,-29.1480676975579,0.31477793578256785,-28.36782931508819,-26.867027847617646,62.846541791323375
258,1117012200,서울특별시 용산구 문배동,,,,,,
259,1117013600,서울특별시 용산구 보광동,7.09676728407953,-38.16663333333333,51.61716893953157,8.561066666666667,5.760608263899806,111.90206144462931
260,1117011500,서울특별시 용산구 산천동,,,,,,
261,1117010800,서울특별시 용산구 서계동,,43.13542879188858,22.48976451962444,25.612437333855826,-19.75321603570823,
262,1117013300,서울특별시 용산구 서빙고동,,,,,46.33539033096707,
263,1117012300,서울특별시 용산구 신계동,,,0.7575679488641635,64.7503896475039,15.391764661580039,23.98947379384328
264,1117011400,서울특별시 용산구 신창동,,,,,,
265,1117012100,서울특별시 용산구 용문동,,27.785281498782307,73.25706042284347,-17.744206854180014,,
266,1117010600,서울특별시 용산구 용산동1가,,,,,,
267,1117010200,서울특별시 용산구 용산동2가,31.388021979227567,-30.100229674140383,19.27607843001798,26.940877621783585,-1.5061486415195133,81.31938975618041
268,1117012600,서울특별시 용산구 용산동3가,,,,,27.492068170678394,
269,1117012700,서울특별시 용산구 용산동5가,,,,,,
270,1117013500,서울특별시 용산구 용산동6가,,,,,,
271,1117011200,서울특별시 용산구 원효로1가,,53.18204346479286,33.24354783828862,-4.420330372547767,21.975445038823114,-6.796479700726601
272,1117011300,서울특별시 용산구 원효로2가,,,29.734022609595993,-16.214404966681602,27.396084231147203,9.412473677439449
273,1117011700,서울특별시 용산구 원효로3가,,-16.49682200185005,5.575378596912202,-20.306017120702847,26.10301678287076,
274,1117011800,서울특별시 용산구 원효로4가,,,,35.75978680864906,65.44259880472804,
275,1117012900,서울특별시 용산구 이촌동,,,,-21.559622927263103,-19.37690924823675,-33.586154384127134
276,1117013000,서울특별시 용산구 이태원동,48.603514674445684,-24.47941719125787,0.3767903500356531,-0.8838583715898897,13.750232917187958,8.437888682046824
277,1117013400,서울특별시 용산구 주성동,,,,,,
278,1117011600,서울특별시 용산구 청암동,,,,38.31905232626006,,
279,1117010900,서울특별시 용산구 청파동1가,,,,155.57494626821673,-60.47563233721671,109.28981281017008
280,1117011000,서울특별시 용산구 청파동2가,-39.684991597305846,,,-18.207622740722176,20.29838272460865,24.662801909917864
281,1117011100,서울특별시 용산구 청파동3가,93.64986091584957,,,-12.315620633415854,-24.37613582018173,43.246403377340364
282,1117012400,서울특별시 용산구 한강로1가,-68.22729644991068,48.112299924598894,10.32479989586401,-13.56733111804112,29.817855721295533,-7.682689274406895
283,1117012500,서울특별시 용산구 한강로2가,-4.9643670947522445,-3.0516873918338567,57.93713597398331,-0.4136518181972787,13.185567403044208,29.41279103955631
284,1117012800,서울특별시 용산구 한강로3가,0.8066635769034408,-33.6299416104573,32.18447512757025,-18.568431271533193,47.07473030463145,17.296190476190475
285,1117013100,서울특별시 용산구 한남동,-8.287803859569975,-3.4236637195194146,-17.181159282990816,-0.25643510126192176,31.061534673336325,-14.016886189880331
286,1117011900,서울특별시 용산구 효창동,,,,27.800118799919908,58.8435215523814,
287,1117010100,서울특별시 용산구 후암동,7.436780169864129,-4.084440531299877,-1.4170105359103216,55.06139917472651,-19.94483063295308,14.809445092941624
288,1138010400,서울특별시 은평구 갈현동,-11.713199919667566,13.571681578369976,-3.59115795375054,5.382729647775237,48.42558400743204,-9.171270255616937
289,1138010500,서울특별시 은평구 구산동,-29.29992378912783,13.299240306995106,0.24671478751656267,25.310620720210057,7.615311490723867,87.9019769017888
290,1138010200,서울특별시 은평구 녹번동,-1.53565745170869,-7.403319387079255,3.6982520064580684,22.835245105883214,45.01252157127969,21.192675796506197
291,1138010600,서울특별시 은평구 대조동,-42.40326149660333,3.633298841251414,2.432020974810552,52.13841336828376,-16.616608861379312,114.5612290309428
292,1138010300,서울특별시 은평구 불광동,-8.272370251091527,34.601937717236815,-11.4671072560556,11.365123516334545,10.855291628775543,51.59160441702628
293,1138010100,서울특별시 은평구 수색동,,-28.97602359580896,25.883119258302262,-42.60198062883165,-3.604398456276132,51.96373786245477
294,1138010900,서울특별시 은평구 신사동,-9.507965561927252,3.257585525303206,9.090663303693875,-12.01093152421749,10.927393523924167,
295,1138010800,서울특별시 은평구 역촌동,14.720017586956436,-15.690211247692805,9.97314330664939,6.860673619481975,37.06126403836952,-12.04904173631299
296,1138010700,서울특별시 은평구 응암동,22.024322558330432,-2.7880705646825374,9.511403929285715,4.207596678208111,31.42870964551771,39.75896990525037
297,1138011000,서울특별시 은평구 증산동,-39.42333420622463,-6.1177671905369975,1.2307001126642925,38.693609692656885,-18.36549132631756,
298,1138011400,서울특별시 은평구 진관동,,-32.82282077749292,-48.03132884011336,23.37166238674951,96.98541163537993,
299,1111014600,서울특별시 종로구 가회동,138.8756483947848,17.941554102404908,-11.00071542342023,12.572918148244423,-52.1439839880311,199.60853253413276
300,1111012900,서울특별시 종로구 견지동,,,,174.1247008837,,
301,1111013400,서울특별시 종로구 경운동,,,,,,
302,1111014800,서울특별시 종로구 계동,,,90.48427475631804,-21.353519266625234,59.430457288755534,
303,1111012700,서울특별시 종로구 공평동,,,,,,
304,1111015500,서울특별시 종로구 관수동,11.857699663947576,-73.67928890930253,146.29483034508434,-28.832498589675946,58.42004277900631,74.63328613745712
305,1111013500,서울특별시 종로구 관철동,-30.03894186344493,30.296739971952714,8.455912852841026,-27.158551334562972,64.11307761593729,-1.0790105752057342
306,1111012800,서울특별시 종로구 관훈동,-59.316188833831866,207.53397309071005,36.656435452906265,-74.16698869932256,,
307,1111017600,서울특별시 종로구 교남동,,,,,63.744847115225454,0.0
308,1111018000,서울특별시 종로구 교북동,,,,,,
309,1111018200,서울특별시 종로구 구기동,-23.022248481540984,109.48313929345586,-33.85234208747372,,,76.96999892120004
310,1111010300,서울특별시 종로구 궁정동,,,,,,
311,1111013100,서울특별시 종로구 권농동,,-17.421504314874376,28.127154060841523,-15.207635188834077,112.26008191963525,
312,1111013700,서울특별시 종로구 낙원동,-38.64337237899048,-18.675693807206805,12.23083181148413,47.54792253315862,4.394017475750392,-32.68076601150312
313,1111011800,서울특별시 종로구 내수동,,,,,,
314,1111011400,서울특별시 종로구 내자동,-11.559813161666355,,,45.31161964039987,-22.783212829636625,-19.723405821168157
315,1111010900,서울특별시 종로구 누상동,,,,,,
316,1111011000,서울특별시 종로구 누하동,-21.842928053038808,42.83426559312285,-35.482300180447936,82.08346027482821,-33.873467086065844,49.177335668738756
317,1111011700,서울특별시 종로구 당주동,,,,,-37.15045187140909,
318,1111011600,서울특별시 종로구 도렴동,,,,,,
319,1111015300,서울특별시 종로구 돈의동,-30.757448526443277,40.821710361887305,19.358180625442206,-25.923968552639796,18.86153281341574,
320,1111016800,서울특별시 종로구 동숭동,82.65591100866709,-63.28579543242952,258.71907479550913,18.09134562883274,7.471364076555893,-20.154887917226812
321,1111017000,서울특별시 종로구 명륜1가,-1.6859263891544627,18.293907346601483,,,-13.352558793999311,
322,1111017100,서울특별시 종로구 명륜2가,,-50.984056878463164,28.95544434393626,12.757782737168016,20.153652296884694,116.00855814218616
323,1111017300,서울특별시 종로구 명륜3가,70.46875634996117,0.288192,10.42557034032481,-2.996870037194314,-13.759379570632374,3.137603628998901
324,1111017200,서울특별시 종로구 명륜4가,-46.62638023007,-43.467824566813896,115.61028578917315,-25.536194695167502,16.944639799013324,
325,1111015100,서울특별시 종로구 묘동,36.12293016070896,-18.81051672665329,8.817182563843696,40.26558278988345,,
326,1111018700,서울특별시 종로구 무악동,,,,-12.67175046305293,,
327,1111015200,서울특별시 종로구 봉익동,101.45915831681359,-36.19671827820464,-20.866216666666666,10.0566614301056,25.79695417872288,
328,1111018400,서울특별시 종로구 부암동,30.750198953998407,-0.798689409270502,,,46.13804226135791,
329,1111014400,서울특별시 종로구 사간동,,,,,49.385093209880736,7.832967875830958
330,1111011500,서울특별시 종로구 사직동,,28.858901605274955,56.38863386388634,,,
331,1111014000,서울특별시 종로구 삼청동,173.6651526058279,,,-19.2663176002062,-19.025051659813144,52.7881230694173
332,1111012300,서울특별시 종로구 서린동,,,,,,
333,1111011900,서울특별시 종로구 세종로,,,,,,
334,1111014200,서울특별시 종로구 소격동,,,-28.682318328037987,64.91958010452333,25.926897241902754,
335,1111017800,서울특별시 종로구 송월동,,,,,,
336,1111014500,서울특별시 종로구 송현동,,,,,,
337,1111012400,서울특별시 종로구 수송동,,,,-16.8577303232868,,
338,1111017500,서울특별시 종로구 숭인동,-16.84193268357953,38.575733152517095,0.7317152406595948,-22.711934663833663,78.33836134607967,-17.74573602440018
339,1111010200,서울특별시 종로구 신교동,,,,,,
340,1111012000,서울특별시 종로구 신문로1가,,,,,,
341,1111012100,서울특별시 종로구 신문로2가,-76.73332005205215,7.11995220226221,42.218240882019984,-12.057251073561455,,
342,1111018600,서울특별시 종로구 신영동,,,207.87526718157858,-8.64859661661469,-0.6352749849401241,
343,1111014100,서울특별시 종로구 안국동,,-41.407044993033956,32.61865457642179,,,
344,1111016600,서울특별시 종로구 연건동,115.50625237565255,-25.04991623252932,-4.785333203647066,,,
345,1111016000,서울특별시 종로구 연지동,-19.81801606634351,-53.31019685869635,44.56818659382223,-31.043948779250886,41.881904595803505,128.5901924013233
346,1111015800,서울특별시 종로구 예지동,-22.617528812650765,22.20688986332495,12.735596114145006,-21.09385684749117,88.07065324750302,-46.241989788536856
347,1111011100,서울특별시 종로구 옥인동,,,,,-3.2088309731740887,-1.3469406309664516
348,1111013000,서울특별시 종로구 와룡동,,,,-32.179898909382445,,
349,1111013200,서울특별시 종로구 운니동,,,,-15.307452943171828,,
350,1111015900,서울특별시 종로구 원남동,-69.72141892635885,10.066005165016392,67.79935981100387,-28.410409661619106,-87.88079776974843,1041.211103775388
351,1111014900,서울특별시 종로구 원서동,,,,,,
352,1111016500,서울특별시 종로구 이화동,,,,11.304500287306732,44.48971352686083,-16.489228825414017
353,1111013300,서울특별시 종로구 익선동,43.34862941131425,,,56.786190949886866,14.010928419875636,29.37317658561603
354,1111013600,서울특별시 종로구 인사동,-28.95842669389734,-32.507484294614926,-18.020452924489348,29.053901884944647,25.114915062779684,67.85935450863553
355,1111015700,서울특별시 종로구 인의동,,,221.30161934436302,-68.31757738948889,,
356,1111015400,서울특별시 종로구 장사동,,,7.1193292838003845,-44.708421904176426,9.72674529369039,60.968279923957006
357,1111014700,서울특별시 종로구 재동,,,-42.065335106856544,,,-24.854519338279943
358,1111010700,서울특별시 종로구 적선동,222.1473633907685,-73.58946739797241,,,,
359,1111012600,서울특별시 종로구 종로1가,,,,,,
360,1111013800,서울특별시 종로구 종로2가,,,,,-14.471230982455443,104.86537303726725
361,1111015600,서울특별시 종로구 종로3가,,-23.92809730704723,78.11450265469873,,,92.67392821635438
362,1111016100,서울특별시 종로구 종로4가,-16.935483613423507,61.305415973025866,-46.398892164831,,,18.57646259591551
363,1111016300,서울특별시 종로구 종로5가,12.379707137811872,-6.010079390140746,12.515698181227192,41.79288878028617,9.629878376299846,-30.50637486107673
364,1111016400,서울특별시 종로구 종로6가,-35.8719892526178,-10.204301242032251,98.91662975452518,-26.921458541218335,25.029246500473427,34.2317462289977
365,1111012500,서울특별시 종로구 중학동,,,,,,
366,1111010500,서울특별시 종로구 창성동,,,,,22.623995431394036,2.9182683839663413
367,1111017400,서울특별시 종로구 창신동,66.57160167986629,-23.465590161735946,13.112576353876033,10.767036827899947,38.34915597257569,0.3671336584449962
368,1111010100,서울특별시 종로구 청운동,-26.105501381637193,,,,-16.226125697068817,42.32450709429828
369,1111012200,서울특별시 종로구 청진동,291.48247016280476,-67.28497448303011,-1.7065217350142556,38.63633053876344,19.518748557726298,
370,1111011200,서울특별시 종로구 체부동,,,-7.147767567818706,29.629962582391673,,
371,1111016700,서울특별시 종로구 충신동,-8.754803084926756,28.034825472528528,89.425,-63.17568278177379,38.016538760330775,21.79129028423087
372,1111010600,서울특별시 종로구 통의동,,,12.326205268650758,47.11580312657841,-17.41797824056099,
373,1111010800,서울특별시 종로구 통인동,-0.6745022933077972,,,-1.239003186320501,87.32420477100504,-22.341862305200543
374,1111013900,서울특별시 종로구 팔판동,,,81.34344173859432,-39.62289308309739,,
375,1111017700,서울특별시 종로구 평동,,,,,,
376,1111018300,서울특별시 종로구 평창동,-32.27465847457228,-9.561180955381692,38.76814148106918,41.564805951579196,-14.91118957346167,101.033244171976
377,1111011300,서울특별시 종로구 필운동,,4.657079409520144,2.247083232673478,54.073474379866646,-15.26019056210182,20.72859490495865
378,1111018100,서울특별시 종로구 행촌동,,-36.626413202410944,6.886513724539451,,,55.46627116950121
379,1111016900,서울특별시 종로구 혜화동,4.707768181305796,107.31365452935988,-49.175782876761026,31.035664643828213,-5.700388919604217,18.282311163046703
380,1111018500,서울특별시 종로구 홍지동,,1.2373455741654462,-50.90410324339695,,,
381,1111017900,서울특별시 종로구 홍파동,,,,,,
382,1111014300,서울특별시 종로구 화동,,69.81263779383937,,,,
383,1111010400,서울특별시 종로구 효자동,,,,,,
384,1111016200,서울특별시 종로구 효제동,-29.12021215094211,44.66668751288766,-38.13974157535194,45.05257679437324,-19.719973384542822,43.52860157077274
385,1111015000,서울특별시 종로구 훈정동,,,,,,
386,1114014500,서울특별시 중구 광희동1가,74.90017147133403,-15.051540950321016,50.46854994417854,21.571426877006754,-23.117708020166045,-4.828640303732882
387,1114014600,서울특별시 중구 광희동2가,-43.72781091079035,168.7732195762083,112.37217855360959,-54.784683551476995,-67.04683778137208,1304.8601839006362
388,1114010600,서울특별시 중구 남대문로1가,,,,,,
389,1114011500,서울특별시 중구 남대문로2가,,,,,,
390,1114011600,서울특별시 중구 남대문로3가,,29.08401455015277,44.21861389595582,,,
391,1114011700,서울특별시 중구 남대문로4가,231.88586481549746,,,,,
392,1114011800,서울특별시 중구 남대문로5가,-1.763057438020562,-26.537688233909698,22.824666164582553,-15.035731018442233,21.102917650507546,
393,1114012800,서울특별시 중구 남산동1가,,,,,,
394,1114012900,서울특별시 중구 남산동2가,-53.22100250990874,,,,,
395,1114013000,서울특별시 중구 남산동3가,,,,,,
396,1114011200,서울특별시 중구 남창동,26.11605,-2.687048952135751,-1.6874003124815393,1.5686285885492144,36.91277774604444,-18.9728190632263
397,1114014000,서울특별시 중구 남학동,,,,,,
398,1114010200,서울특별시 중구 다동,-10.080490187420729,8.464445194823227,9.523801765079945,113.55688920030407,-55.29767607935269,18.69053603223148
399,1114017300,서울특별시 중구 만리동1가,,,,-35.89166097582054,,
400,1114017400,서울특별시 중구 만리동2가,,,,,,
401,1114012600,서울특별시 중구 명동1가,,,,-33.08612853686681,,
402,1114012700,서울특별시 중구 명동2가,-10.843566983460757,,,191.49820768912696,-9.630217486335592,58.50378135505455
403,1114010100,서울특별시 중구 무교동,,,,,,
404,1114016400,서울특별시 중구 무학동,,,36.19691771476883,,,
405,1114013600,서울특별시 중구 묵정동,11.989483887145388,-8.764350354971432,-3.153187038289526,-16.97178106274495,39.300739283298896,
406,1114015300,서울특별시 중구 방산동,,32.82984742460739,-67.77119741509856,,,
407,1114011900,서울특별시 중구 봉래동1가,,,,,,
408,1114012000,서울특별시 중구 봉래동2가,,,,,,
409,1114011300,서울특별시 중구 북창동,-25.620993549400556,-21.709340382252698,24.862699120859357,47.049043653601935,-18.38837594892063,
410,1114015700,서울특별시 중구 산림동,,,,1478.566377885026,,
411,1114010700,서울특별시 중구 삼각동,,,,,,
412,1114016600,서울특별시 중구 서소문동,,,-65.2508033740491,34.45901558064876,-43.27495093974361,379.4686777271929
413,1114011100,서울특별시 중구 소공동,,,137.34209899102248,-24.32052352778731,,
414,1114011000,서울특별시 중구 수표동,,,,,,
415,1114010800,서울특별시 중구 수하동,,,,,,
416,1114016800,서울특별시 중구 순화동,,,,,,
417,1114016200,서울특별시 중구 신당동,6.435577398861285,5.9114507531261085,-2.2023607986120153,3.621935885875914,3.0322005097523306,40.435291520702364
418,1114014700,서울특별시 중구 쌍림동,-41.248603694660865,2.9288761483963914,9.943398427018854,2.2384815155473454,-7.22063199713476,52.993067168388585
419,1114013500,서울특별시 중구 예관동,,,,,107.34164363141245,8.709521740545696
420,1114014200,서울특별시 중구 예장동,19.427927489867752,,,,91.78543202782325,1.7721740316892909
421,1114015400,서울특별시 중구 오장동,-59.26039296827486,14.206445510545215,1.5129037724039436,7.252583851693386,-0.20700711542294326,-26.550235922245122
422,1114010400,서울특별시 중구 을지로1가,,,,,,
423,1114010500,서울특별시 중구 을지로2가,34.16572861059508,1.6795021336744587,,,113.68285542100254,
424,1114015500,서울특별시 중구 을지로3가,-15.769121656434935,-3.916588914802737,-26.18683554124211,150.3678672255967,-49.132066419364726,34.494297766402404
425,1114015000,서울특별시 중구 을지로4가,90.39359734636166,24.277523575095092,16.521741130787245,-16.21497965557611,-8.91247809375138,
426,1114015100,서울특별시 중구 을지로5가,,,-2.9930814395353424,-10.132452650903122,-1.0812297526758996,-45.180959262798844
427,1114014800,서울특별시 중구 을지로6가,,,137.4951404840005,6.727604862371767,,
428,1114014900,서울특별시 중구 을지로7가,,157.02406416111114,,,,
429,1114016900,서울특별시 중구 의주로1가,,,,,,
430,1114017200,서울특별시 중구 의주로2가,,,,,,
431,1114016000,서울특별시 중구 인현동1가,13.12496036719394,-57.363179504685654,52.85273170408163,51.371019414520156,-9.11767747899825,
432,1114013400,서울특별시 중구 인현동2가,-30.564395809055792,148.52982787264884,-8.155539386044808,37.38310314070282,-46.57945794559293,39.79282277552939
433,1114015600,서울특별시 중구 입정동,,31.243551796991103,47.02653094245101,,,39.996783944983434
434,1114010900,서울특별시 중구 장교동,,,,,,
435,1114014300,서울특별시 중구 장충동1가,73.545218946243,-33.99822146980779,-12.454437379541401,59.19907280813997,3.028691437802908,
436,1114014400,서울특별시 중구 장충동2가,-64.06319164463373,19.249419385472855,79.05138746447956,45.754558666287,,
437,1114013100,서울특별시 중구 저동1가,152.47027635985685,,,,,
438,1114016100,서울특별시 중구 저동2가,12.360812386818493,47.25723156323816,-28.610744492118442,41.613490802937456,-15.584829640010511,45.90430477044268
439,1114016700,서울특별시 중구 정동,,,,,23.070524152425445,75.80460912093402
440,1114015200,서울특별시 중구 주교동,-56.26388449497606,32.07383059328694,7.543033206885313,55.32284495350214,-54.04292960024299,134.47826472316478
441,1114014100,서울특별시 중구 주자동,,,,,,
442,1114017100,서울특별시 중구 중림동,73.59471254946612,343.27049839985034,-67.3314662673471,16.384718943641193,19.28275848955251,
443,1114015900,서울특별시 중구 초동,13.174504540594079,16.482067804546315,-86.01887742772166,558.6789967265214,14.427382738663601,
444,1114012400,서울특별시 중구 충무로1가,-20.03212250821929,,,,,
445,1114012500,서울특별시 중구 충무로2가,,,-23.84767313455411,-38.95327097144362,-13.893214894464752,165.0451944072311
446,1114015800,서울특별시 중구 충무로3가,,,25.19723581161946,-27.01324783054852,,
447,1114013200,서울특별시 중구 충무로4가,60.23366448654261,-6.8570985646836,2.3228719670600837,5.992178273138097,7.146936760211911,15.015125908083798
448,1114013300,서울특별시 중구 충무로5가,,-15.325428261326305,,,47.15368595570903,
449,1114017000,서울특별시 중구 충정로1가,,,,,,
450,1114010300,서울특별시 중구 태평로1가,,,,,,
451,1114011400,서울특별시 중구 태평로2가,-11.695048801017698,-1.962009916860784,,,-7.445678815605226,
452,1114013700,서울특별시 중구 필동1가,57.86775729069315,-46.956914188088675,133.61351428232052,76.9805981972106,-50.679691108152895,-18.61857891892078
453,1114013800,서울특별시 중구 필동2가,-5.0550271220108485,16.14023024623718,-17.150933787842572,4.8160896758832985,57.57223069941856,-17.75100777804009
454,1114013900,서울특별시 중구 필동3가,,,-1.844419418769358,-30.91626757065468,113.14876210475018,-9.606355041646639
455,1114016500,서울특별시 중구 황학동,-8.062869001171094,-19.19036919190369,2.4332285644668836,43.6829334639897,38.51026519895008,-42.33231771443681
456,1114012100,서울특별시 중구 회현동1가,22.69876923076923,-18.275643581571043,20.603273609919654,-13.02792862092098,-4.725445856114925,-37.89442106543071
457,1114012200,서울특별시 중구 회현동2가,,,,,,
458,1114012300,서울특별시 중구 회현동3가,,,,,,
459,1114016300,서울특별시 중구 흥인동,-27.18461493647057,,,,,
460,1126010500,서울특별시 중랑구 망우동,18.01912383946544,-6.946602871482906,33.652938854532806,12.121456106277082,5.014432672874571,-21.05400282634126
461,1126010100,서울특별시 중랑구 면목동,-12.47397449248964,8.04719398776509,1.1751710631187309,10.342379690179857,5.592008471631837,8.79363954815602
462,1126010400,서울특별시 중랑구 묵동,-14.912898874775031,0.5345548178342507,20.94665226073847,-4.200535884465346,12.093288165197864,-8.9477138063422
463,1126010200,서울특별시 중랑구 상봉동,20.035377910699925,-19.646139147859003,10.152461099414964,12.576249601758786,12.776273677267334,-5.306557860414483
464,1126010600,서울특별시 중랑구 신내동,-29.839519869270333,62.26785587403972,-27.077617861032618,30.283275898216697,5.785289726361139,
465,1126010300,서울특별시 중랑구 중화동,8.884392465388832,-23.480963056575963,34.23534096715054,15.152681262646475,4.431098867313719,-10.801178181818182
