Column1,Column2,Column3,Column4,Column5,Column6,Column7,Column8,Column9,Column10,Column11,Column12,Column13,Column14,Column15
기간,자치구,동,세대,계,계,계,한국인,한국인,한국인,등록외국인,등록외국인,등록외국인,세대당인구,65세이상고령자
기간,자치구,동,세대,인구,남자,여자,인구,남자,여자,인구,남자,여자,세대당인구,65세이상고령자
2008.1/4,합계,합계,"4,064,117","10,456,095","5,189,559","5,266,536","10,206,136","5,068,143","5,137,993","249,959","121,416","128,543",2.51,"871,420"
2008.1/4,종로구,합계,"72,934","176,619","88,217","88,402","168,162","84,124","84,038","8,457","4,093","4,364",2.31,"19,626"
2008.1/4,종로구,청운동,"1,641","4,824","2,460","2,364","4,659","2,384","2,275",165,76,89,2.84,511
2008.1/4,종로구,효자동,"4,829","12,225","5,895","6,330","12,122","5,863","6,259",103,32,71,2.51,"1,437"
2008.1/4,종로구,사직동,"4,134","9,803","4,696","5,107","9,321","4,443","4,878",482,253,229,2.25,"1,290"
2008.1/4,종로구,삼청동,"1,749","4,001","1,950","2,051","3,859","1,875","1,984",142,75,67,2.21,605
2008.1/4,종로구,부암동,"4,583","12,014","5,981","6,033","11,678","5,817","5,861",336,164,172,2.55,"1,410"
2008.1/4,종로구,평창동,"6,992","19,748","9,608","10,140","19,374","9,430","9,944",374,178,196,2.77,"2,248"
2008.1/4,종로구,무악동,"2,830","7,806","3,755","4,051","7,734","3,724","4,010",72,31,41,2.73,775
2008.1/4,종로구,교남동,"4,339","9,318","4,538","4,780","9,086","4,430","4,656",232,108,124,2.09,"1,041"
2008.1/4,종로구,가회동,"2,510","6,084","2,960","3,124","5,907","2,879","3,028",177,81,96,2.35,782
2008.1/4,종로구,종로1.2.3.4가동,"4,339","8,562","4,777","3,785","7,173","4,048","3,125","1,389",729,660,1.65,"1,238"
2008.1/4,종로구,종로5.6가동,"3,031","6,981","3,683","3,298","6,613","3,524","3,089",368,159,209,2.18,838
2008.1/4,종로구,이화동,"4,525","10,466","5,087","5,379","9,605","4,658","4,947",861,429,432,2.12,942
2008.1/4,종로구,혜화동,"5,567","12,860","6,237","6,623","12,276","5,967","6,309",584,270,314,2.21,"1,240"
2008.1/4,종로구,명륜3가동,"3,665","7,277","3,922","3,355","6,701","3,672","3,029",576,250,326,1.83,784
2008.1/4,종로구,창신1동,"3,456","8,493","4,357","4,136","7,090","3,664","3,426","1,403",693,710,2.05,843
2008.1/4,종로구,창신2동,"4,958","12,278","6,217","6,061","11,874","6,026","5,848",404,191,213,2.39,"1,180"
2008.1/4,종로구,창신3동,"3,160","8,823","4,455","4,368","8,740","4,419","4,321",83,36,47,2.77,799
2008.1/4,종로구,숭인1동,"2,719","6,901","3,399","3,502","6,331","3,126","3,205",570,273,297,2.33,677
2008.1/4,종로구,숭인2동,"3,907","8,155","4,240","3,915","8,019","4,175","3,844",136,65,71,2.05,986
2008.1/4,중구,합계,"57,662","138,233","68,903","69,330","130,042","64,910","65,132","8,191","3,993","4,198",2.26,"15,152"
2008.1/4,중구,소공동,536,"1,664",906,758,"1,031",522,509,633,384,249,1.92,138
2008.1/4,중구,회현동,"2,621","5,351","2,927","2,424","4,550","2,469","2,081",801,458,343,1.74,757
2008.1/4,중구,명동,"1,319","3,458","1,612","1,846","2,853","1,258","1,595",605,354,251,2.16,462
2008.1/4,중구,필동,"2,322","5,133","2,676","2,457","4,752","2,495","2,257",381,181,200,2.05,628
2008.1/4,중구,장충동,"2,955","6,321","3,115","3,206","5,887","2,944","2,943",434,171,263,1.99,640
2008.1/4,중구,광희동,"2,640","5,941","3,132","2,809","4,941","2,658","2,283","1,000",474,526,1.87,706
2008.1/4,중구,을지로동,"1,189","1,961","1,144",817,"1,837","1,089",748,124,55,69,1.54,326
2008.1/4,중구,신당1동,"3,965","10,264","5,090","5,174","8,249","4,195","4,054","2,015",895,"1,120",2.08,947
2008.1/4,중구,신당2동,"7,049","16,993","8,354","8,639","16,726","8,235","8,491",267,119,148,2.37,"1,660"
2008.1/4,중구,신당3동,"8,110","20,118","9,738","10,380","19,880","9,623","10,257",238,115,123,2.45,"2,243"
2008.1/4,중구,신당4동,"6,393","16,385","7,972","8,413","16,245","7,911","8,334",140,61,79,2.54,"1,719"
2008.1/4,중구,신당5동,"4,672","10,755","5,432","5,323","10,482","5,308","5,174",273,124,149,2.24,"1,229"
2008.1/4,중구,신당6동,"4,975","12,888","6,295","6,593","12,714","6,219","6,495",174,76,98,2.56,"1,254"
2008.1/4,중구,황학동,"3,331","7,641","3,936","3,705","6,885","3,575","3,310",756,361,395,2.07,868
2008.1/4,중구,중림동,"5,585","13,360","6,574","6,786","13,010","6,409","6,601",350,165,185,2.33,"1,575"
2008.1/4,용산구,합계,"105,217","249,346","122,837","126,509","236,342","116,060","120,282","13,004","6,777","6,227",2.25,"26,539"
2008.1/4,용산구,후암동,"8,775","20,519","10,207","10,312","19,944","9,960","9,984",575,247,328,2.27,"2,131"
2008.1/4,용산구,용산2가동,"5,766","14,088","7,058","7,030","13,171","6,524","6,647",917,534,383,2.28,"1,506"
2008.1/4,용산구,남영동,"4,493","8,033","4,611","3,422","7,532","4,379","3,153",501,232,269,1.68,957
2008.1/4,용산구,청파1동,"7,026","16,537","8,302","8,235","15,943","8,053","7,890",594,249,345,2.27,"1,542"
2008.1/4,용산구,청파2동,"3,826","7,461","3,371","4,090","7,311","3,318","3,993",150,53,97,1.91,750
2008.1/4,용산구,원효로1동,"2,823","6,371","3,185","3,186","6,159","3,086","3,073",212,99,113,2.18,730
2008.1/4,용산구,원효로2동,"6,225","16,443","7,921","8,522","16,208","7,817","8,391",235,104,131,2.6,"1,612"
2008.1/4,용산구,효창동,"4,117","10,652","5,246","5,406","10,508","5,183","5,325",144,63,81,2.55,"1,122"
2008.1/4,용산구,용문동,"4,763","12,913","6,356","6,557","12,719","6,269","6,450",194,87,107,2.67,"1,283"
2008.1/4,용산구,한강로1동,"3,186","7,101","3,613","3,488","6,852","3,490","3,362",249,123,126,2.15,615
2008.1/4,용산구,한강로2동,"2,381","4,608","2,356","2,252","4,281","2,208","2,073",327,148,179,1.8,547
2008.1/4,용산구,한강로3동,"3,270","7,369","3,738","3,631","6,929","3,526","3,403",440,212,228,2.12,953
2008.1/4,용산구,이촌1동,"9,827","28,663","13,705","14,958","26,710","12,625","14,085","1,953","1,080",873,2.72,"2,847"
2008.1/4,용산구,이촌2동,"4,392","10,464","5,002","5,462","10,423","4,981","5,442",41,21,20,2.37,"1,177"
2008.1/4,용산구,이태원1동,"4,372","10,458","5,165","5,293","8,536","4,063","4,473","1,922","1,102",820,1.95,"1,210"
2008.1/4,용산구,이태원2동,"5,102","11,664","5,596","6,068","11,279","5,373","5,906",385,223,162,2.21,"1,516"
2008.1/4,용산구,한남1동,"6,567","15,551","7,713","7,838","12,963","6,340","6,623","2,588","1,373","1,215",1.97,"1,492"
2008.1/4,용산구,한남2동,"4,759","9,295","4,553","4,742","9,042","4,414","4,628",253,139,114,1.9,972
2008.1/4,용산구,서빙고동,"4,763","11,838","5,770","6,068","11,301","5,505","5,796",537,265,272,2.37,"1,537"
2008.1/4,용산구,보광동,"8,784","19,318","9,369","9,949","18,531","8,946","9,585",787,423,364,2.11,"2,040"
2008.1/4,성동구,합계,"135,438","340,724","170,906","169,818","331,929","166,580","165,349","8,795","4,326","4,469",2.45,"30,237"
2008.1/4,성동구,왕십리1동,"5,691","14,242","7,236","7,006","13,547","6,884","6,663",695,352,343,2.38,"1,378"
2008.1/4,성동구,왕십리2동,"7,309","18,764","9,284","9,480","18,592","9,216","9,376",172,68,104,2.54,"1,638"
2008.1/4,성동구,도선동,"4,045","9,933","4,960","4,973","9,610","4,827","4,783",323,133,190,2.38,"1,093"
2008.1/4,성동구,마장동,"10,001","26,404","13,316","13,088","25,880","13,059","12,821",524,257,267,2.59,"2,384"
2008.1/4,성동구,사근동,"5,444","12,067","6,444","5,623","10,916","5,881","5,035","1,151",563,588,2.01,"1,103"
2008.1/4,성동구,행당1동,"7,785","18,458","9,135","9,323","18,226","9,030","9,196",232,105,127,2.34,"1,718"
2008.1/4,성동구,행당2동,"9,314","26,231","12,694","13,537","26,131","12,654","13,477",100,40,60,2.81,"2,122"
2008.1/4,성동구,응봉동,"6,516","17,764","8,521","9,243","17,665","8,480","9,185",99,41,58,2.71,"1,593"
2008.1/4,성동구,금호1가동,"7,148","18,600","9,106","9,494","18,418","9,031","9,387",182,75,107,2.58,"1,743"
2008.1/4,성동구,금호2가동,"5,022","12,394","6,152","6,242","12,245","6,079","6,166",149,73,76,2.44,"1,268"
2008.1/4,성동구,금호3가동,"6,468","16,245","7,831","8,414","16,038","7,739","8,299",207,92,115,2.48,"1,631"
2008.1/4,성동구,금호4가동,"6,714","16,286","8,089","8,197","16,022","7,964","8,058",264,125,139,2.39,"1,479"
2008.1/4,성동구,옥수1동,"4,811","11,764","6,047","5,717","11,177","5,760","5,417",587,287,300,2.32,"1,318"
2008.1/4,성동구,옥수2동,"7,101","17,894","8,558","9,336","17,753","8,490","9,263",141,68,73,2.5,"1,759"
2008.1/4,성동구,성수1가1동,"7,486","19,459","10,003","9,456","18,822","9,663","9,159",637,340,297,2.51,"1,352"
2008.1/4,성동구,성수1가2동,"8,271","19,835","10,067","9,768","19,538","9,907","9,631",297,160,137,2.36,"1,446"
2008.1/4,성동구,성수2가1동,"8,285","21,101","10,993","10,108","19,972","10,404","9,568","1,129",589,540,2.41,"1,600"
2008.1/4,성동구,성수2가3동,"5,168","12,598","6,463","6,135","12,152","6,198","5,954",446,265,181,2.35,"1,057"
2008.1/4,성동구,송정동,"5,425","12,537","6,617","5,920","12,063","6,393","5,670",474,224,250,2.22,960
2008.1/4,성동구,용답동,"7,434","18,148","9,390","8,758","17,162","8,921","8,241",986,469,517,2.31,"1,595"
2008.1/4,광진구,합계,"154,892","388,123","192,396","195,727","377,272","187,341","189,931","10,851","5,055","5,796",2.44,"27,805"
2008.1/4,광진구,화양동,"11,960","23,644","11,691","11,953","21,726","10,787","10,939","1,918",904,"1,014",1.82,"1,614"
2008.1/4,광진구,군자동,"9,742","22,225","11,196","11,029","21,660","10,945","10,715",565,251,314,2.22,"1,738"
2008.1/4,광진구,중곡1동,"7,368","17,706","8,789","8,917","17,013","8,487","8,526",693,302,391,2.31,"1,309"
2008.1/4,광진구,중곡2동,"9,074","23,176","11,403","11,773","23,003","11,339","11,664",173,64,109,2.54,"1,644"
2008.1/4,광진구,중곡3동,"8,240","20,285","10,114","10,171","20,131","10,047","10,084",154,67,87,2.44,"1,475"
2008.1/4,광진구,중곡4동,"12,131","32,563","16,260","16,303","32,440","16,208","16,232",123,52,71,2.67,"2,451"
2008.1/4,광진구,능동,"4,945","10,942","5,345","5,597","10,714","5,233","5,481",228,112,116,2.17,907
2008.1/4,광진구,구의1동,"10,749","24,529","11,960","12,569","23,443","11,450","11,993","1,086",510,576,2.18,"1,792"
2008.1/4,광진구,구의2동,"10,267","26,756","13,262","13,494","26,529","13,184","13,345",227,78,149,2.58,"2,177"
2008.1/4,광진구,구의3동,"11,463","30,371","14,788","15,583","30,246","14,746","15,500",125,42,83,2.64,"2,121"
2008.1/4,광진구,광장동,"12,187","36,491","17,869","18,622","36,145","17,711","18,434",346,158,188,2.97,"2,292"
2008.1/4,광진구,자양1동,"10,962","26,164","12,982","13,182","24,704","12,314","12,390","1,460",668,792,2.25,"1,970"
2008.1/4,광진구,자양2동,"11,409","29,718","14,912","14,806","29,567","14,844","14,723",151,68,83,2.59,"1,992"
2008.1/4,광진구,자양3동,"11,342","32,196","15,958","16,238","31,693","15,709","15,984",503,249,254,2.79,"1,868"
2008.1/4,광진구,자양4동,"13,053","31,357","15,867","15,490","28,258","14,337","13,921","3,099","1,530","1,569",2.16,"2,455"
2008.1/4,동대문구,합계,"156,977","385,849","193,857","191,992","375,465","189,150","186,315","10,384","4,707","5,677",2.39,"37,776"
2008.1/4,동대문구,신설동,"4,065","9,799","5,053","4,746","8,914","4,656","4,258",885,397,488,2.19,"1,031"
2008.1/4,동대문구,용두1동,"4,266","9,204","4,748","4,456","8,749","4,533","4,216",455,215,240,2.05,"1,297"
2008.1/4,동대문구,용두2동,"4,813","10,639","5,530","5,109","10,377","5,405","4,972",262,125,137,2.16,"1,185"
2008.1/4,동대문구,제기1동,"6,039","14,443","7,290","7,153","13,611","6,907","6,704",832,383,449,2.25,"1,852"
2008.1/4,동대문구,제기2동,"7,174","16,422","8,381","8,041","16,147","8,252","7,895",275,129,146,2.25,"1,889"
2008.1/4,동대문구,전농1동,"6,268","15,376","7,745","7,631","14,802","7,512","7,290",574,233,341,2.36,"1,667"
2008.1/4,동대문구,전농2동,"3,580","7,089","3,826","3,263","7,030","3,798","3,232",59,28,31,1.96,858
2008.1/4,동대문구,전농3동,"7,063","19,570","9,696","9,874","19,483","9,661","9,822",87,35,52,2.76,"1,932"
2008.1/4,동대문구,전농4동,"5,617","13,412","6,822","6,590","13,298","6,774","6,524",114,48,66,2.37,"1,435"
2008.1/4,동대문구,답십리1동,"4,528","11,549","5,758","5,791","11,077","5,557","5,520",472,201,271,2.45,"1,017"
2008.1/4,동대문구,답십리2동,"5,724","15,713","7,855","7,858","15,636","7,821","7,815",77,34,43,2.73,"1,483"
2008.1/4,동대문구,답십리3동,"2,028","4,985","2,527","2,458","4,935","2,498","2,437",50,29,21,2.43,669
2008.1/4,동대문구,답십리4동,"5,838","15,592","7,769","7,823","15,468","7,716","7,752",124,53,71,2.65,"1,406"
2008.1/4,동대문구,답십리5동,"4,494","10,721","5,448","5,273","10,555","5,380","5,175",166,68,98,2.35,"1,030"
2008.1/4,동대문구,장안1동,"7,765","19,147","9,709","9,438","18,323","9,381","8,942",824,328,496,2.36,"1,633"
2008.1/4,동대문구,장안2동,"6,400","17,580","8,922","8,658","17,487","8,886","8,601",93,36,57,2.73,"1,111"
2008.1/4,동대문구,장안3동,"6,362","18,005","8,974","9,031","17,911","8,934","8,977",94,40,54,2.82,"1,328"
2008.1/4,동대문구,장안4동,"5,910","15,018","7,517","7,501","14,912","7,484","7,428",106,33,73,2.52,"1,418"
2008.1/4,동대문구,청량리1동,"5,741","15,261","7,588","7,673","14,680","7,318","7,362",581,270,311,2.56,"1,965"
2008.1/4,동대문구,청량리2동,"4,863","10,887","5,469","5,418","10,534","5,301","5,233",353,168,185,2.17,"1,461"
2008.1/4,동대문구,회기동,"5,696","12,486","6,136","6,350","11,513","5,666","5,847",973,470,503,2.02,"1,136"
2008.1/4,동대문구,휘경1동,"8,025","18,355","9,161","9,194","17,435","8,732","8,703",920,429,491,2.17,"1,682"
2008.1/4,동대문구,휘경2동,"10,022","25,753","12,713","13,040","25,579","12,636","12,943",174,77,97,2.55,"2,142"
2008.1/4,동대문구,이문1동,"6,493","15,319","7,592","7,727","14,109","6,998","7,111","1,210",594,616,2.17,"1,374"
2008.1/4,동대문구,이문2동,"9,333","19,546","9,756","9,790","19,071","9,537","9,534",475,219,256,2.04,"1,768"
2008.1/4,동대문구,이문3동,"8,870","23,978","11,872","12,106","23,829","11,807","12,022",149,65,84,2.69,"2,007"
2008.1/4,중랑구,합계,"168,382","431,988","215,714","216,274","427,182","213,813","213,369","4,806","1,901","2,905",2.54,"35,746"
2008.1/4,중랑구,면목2동,"11,665","28,896","14,543","14,353","28,707","14,471","14,236",189,72,117,2.46,"2,296"
2008.1/4,중랑구,면목4동,"10,125","24,276","11,772","12,504","24,107","11,695","12,412",169,77,92,2.38,"1,929"
2008.1/4,중랑구,면목5동,"6,070","15,000","7,655","7,345","14,873","7,614","7,259",127,41,86,2.45,"1,307"
2008.1/4,중랑구,면목7동,"10,571","27,035","13,511","13,524","26,903","13,465","13,438",132,46,86,2.54,"2,222"
2008.1/4,중랑구,상봉1동,"9,258","26,682","13,204","13,478","26,305","13,047","13,258",377,157,220,2.84,"2,045"
2008.1/4,중랑구,상봉2동,"8,607","19,077","9,639","9,438","18,893","9,563","9,330",184,76,108,2.2,"1,671"
2008.1/4,중랑구,중화1동,"8,150","22,815","11,372","11,443","22,267","11,154","11,113",548,218,330,2.73,"1,697"
2008.1/4,중랑구,중화2동,"14,463","32,986","16,828","16,158","32,596","16,659","15,937",390,169,221,2.25,"2,921"
2008.1/4,중랑구,묵1동,"12,533","35,111","17,343","17,768","34,804","17,231","17,573",307,112,195,2.78,"2,942"
2008.1/4,중랑구,묵2동,"8,119","20,504","10,409","10,095","20,408","10,377","10,031",96,32,64,2.51,"1,758"
2008.1/4,중랑구,망우3동,"8,123","20,325","10,255","10,070","20,208","10,216","9,992",117,39,78,2.49,"1,665"
2008.1/4,중랑구,신내1동,"9,918","29,382","14,626","14,756","29,105","14,497","14,608",277,129,148,2.93,"2,413"
2008.1/4,중랑구,신내2동,"9,360","26,428","13,003","13,425","26,395","12,991","13,404",33,12,21,2.82,"2,040"
2008.1/4,중랑구,면목본동,"15,495","38,687","19,142","19,545","37,476","18,675","18,801","1,211",467,744,2.42,"3,118"
2008.1/4,중랑구,면목3.8동,"12,575","30,889","15,467","15,422","30,709","15,388","15,321",180,79,101,2.44,"2,662"
2008.1/4,중랑구,망우본동,"13,350","33,895","16,945","16,950","33,426","16,770","16,656",469,175,294,2.5,"3,060"
2008.1/4,성북구,합계,"187,937","478,760","237,263","241,497","471,030","233,835","237,195","7,730","3,428","4,302",2.51,"45,597"
2008.1/4,성북구,돈암1동,"6,599","17,982","8,743","9,239","17,937","8,726","9,211",45,17,28,2.72,"1,689"
2008.1/4,성북구,돈암2동,"8,665","24,710","12,059","12,651","24,664","12,041","12,623",46,18,28,2.85,"2,143"
2008.1/4,성북구,안암동,"8,594","18,983","9,700","9,283","17,587","9,037","8,550","1,396",663,733,2.05,"1,623"
2008.1/4,성북구,보문동,"7,527","17,769","8,829","8,940","17,443","8,699","8,744",326,130,196,2.32,"1,766"
2008.1/4,성북구,정릉1동,"6,660","18,908","8,996","9,912","18,245","8,718","9,527",663,278,385,2.74,"1,915"
2008.1/4,성북구,정릉2동,"9,190","24,204","12,099","12,105","24,120","12,061","12,059",84,38,46,2.62,"2,459"
2008.1/4,성북구,정릉3동,"8,124","19,384","9,693","9,691","19,225","9,630","9,595",159,63,96,2.37,"2,192"
2008.1/4,성북구,정릉4동,"10,211","27,060","13,410","13,650","26,907","13,337","13,570",153,73,80,2.64,"2,551"
2008.1/4,성북구,길음1동,"10,134","28,831","14,007","14,824","28,591","13,902","14,689",240,105,135,2.82,"2,108"
2008.1/4,성북구,길음2동,"8,892","21,088","10,329","10,759","20,984","10,282","10,702",104,47,57,2.36,"2,110"
2008.1/4,성북구,월곡1동,"10,173","27,587","13,768","13,819","27,084","13,566","13,518",503,202,301,2.66,"2,380"
2008.1/4,성북구,월곡2동,"8,191","21,696","10,791","10,905","21,473","10,693","10,780",223,98,125,2.62,"2,080"
2008.1/4,성북구,장위1동,"10,743","28,238","14,101","14,137","27,667","13,847","13,820",571,254,317,2.58,"2,500"
2008.1/4,성북구,장위2동,"9,786","24,552","12,411","12,141","24,444","12,366","12,078",108,45,63,2.5,"2,388"
2008.1/4,성북구,장위3동,"7,851","19,105","9,857","9,248","18,910","9,761","9,149",195,96,99,2.41,"2,000"
2008.1/4,성북구,성북동,"8,145","19,855","9,595","10,260","19,145","9,285","9,860",710,310,400,2.35,"2,388"
2008.1/4,성북구,삼선동,"11,752","28,348","13,855","14,493","27,533","13,477","14,056",815,378,437,2.34,"2,824"
2008.1/4,성북구,동선동,"7,295","15,663","7,291","8,372","15,405","7,183","8,222",258,108,150,2.11,"1,581"
2008.1/4,성북구,종암동,"14,330","36,583","18,474","18,109","36,138","18,271","17,867",445,203,242,2.52,"3,384"
2008.1/4,성북구,석관동,"15,075","38,214","19,255","18,959","37,528","18,953","18,575",686,302,384,2.49,"3,516"
2008.1/4,강북구,합계,"135,387","347,344","172,153","175,191","343,941","170,859","173,082","3,403","1,294","2,109",2.54,"35,403"
2008.1/4,강북구,미아1동,"5,869","16,121","7,987","8,134","15,364","7,699","7,665",757,288,469,2.62,"1,519"
2008.1/4,강북구,미아2동,"7,232","17,535","8,822","8,713","17,444","8,798","8,646",91,24,67,2.41,"1,662"
2008.1/4,강북구,미아3동,"10,152","25,155","12,590","12,565","24,895","12,483","12,412",260,107,153,2.45,"2,367"
2008.1/4,강북구,미아4동,"7,168","18,378","9,029","9,349","18,167","8,929","9,238",211,100,111,2.53,"1,813"
2008.1/4,강북구,미아5동,"7,046","17,119","8,526","8,593","16,984","8,471","8,513",135,55,80,2.41,"1,672"
2008.1/4,강북구,미아6.7동,"8,647","25,168","12,536","12,632","25,092","12,507","12,585",76,29,47,2.9,"1,965"
2008.1/4,강북구,미아8동,"6,868","16,670","8,298","8,372","16,563","8,253","8,310",107,45,62,2.41,"1,864"
2008.1/4,강북구,미아9동,"7,055","18,384","9,018","9,366","18,319","8,999","9,320",65,19,46,2.6,"1,751"
2008.1/4,강북구,번1동,"8,520","20,455","10,028","10,427","20,113","9,902","10,211",342,126,216,2.36,"1,983"
2008.1/4,강북구,번2동,"8,214","21,495","10,658","10,837","21,406","10,633","10,773",89,25,64,2.61,"2,123"
2008.1/4,강북구,번3동,"7,738","22,430","10,873","11,557","22,377","10,856","11,521",53,17,36,2.89,"2,441"
2008.1/4,강북구,수유1동,"9,373","23,840","12,000","11,840","23,273","11,789","11,484",567,211,356,2.48,"2,453"
2008.1/4,강북구,수유2동,"9,072","23,817","11,776","12,041","23,716","11,746","11,970",101,30,71,2.61,"2,705"
2008.1/4,강북구,수유3동,"10,360","24,306","12,009","12,297","24,095","11,919","12,176",211,90,121,2.33,"2,631"
2008.1/4,강북구,수유4동,"8,616","22,011","11,040","10,971","21,866","10,980","10,886",145,60,85,2.54,"2,646"
2008.1/4,강북구,수유5동,"7,504","18,699","9,218","9,481","18,607","9,189","9,418",92,29,63,2.48,"2,076"
2008.1/4,강북구,수유6동,"5,953","15,761","7,745","8,016","15,660","7,706","7,954",101,39,62,2.63,"1,732"
2008.1/4,도봉구,합계,"138,623","378,390","187,545","190,845","375,705","186,431","189,274","2,685","1,114","1,571",2.71,"33,527"
2008.1/4,도봉구,쌍문1동,"8,951","24,034","11,903","12,131","23,619","11,745","11,874",415,158,257,2.64,"2,489"
2008.1/4,도봉구,쌍문2동,"8,224","21,834","10,800","11,034","21,741","10,768","10,973",93,32,61,2.64,"1,971"
2008.1/4,도봉구,쌍문3동,"7,347","19,101","9,330","9,771","19,001","9,291","9,710",100,39,61,2.59,"1,763"
2008.1/4,도봉구,쌍문4동,"7,434","22,150","10,778","11,372","22,122","10,769","11,353",28,9,19,2.98,"1,701"
2008.1/4,도봉구,방학1동,"11,940","33,626","16,777","16,849","33,142","16,574","16,568",484,203,281,2.78,"2,652"
2008.1/4,도봉구,방학2동,"9,646","24,998","12,658","12,340","24,836","12,591","12,245",162,67,95,2.57,"2,275"
2008.1/4,도봉구,방학3동,"10,965","33,306","16,488","16,818","33,259","16,467","16,792",47,21,26,3.03,"2,702"
2008.1/4,도봉구,창1동,"10,965","30,058","14,719","15,339","29,500","14,471","15,029",558,248,310,2.69,"2,620"
2008.1/4,도봉구,창2동,"12,183","32,138","15,917","16,221","31,954","15,825","16,129",184,92,92,2.62,"2,568"
2008.1/4,도봉구,창3동,"6,570","16,921","8,523","8,398","16,861","8,500","8,361",60,23,37,2.57,"1,469"
2008.1/4,도봉구,창4동,"11,292","31,585","15,407","16,178","31,532","15,380","16,152",53,27,26,2.79,"2,464"
2008.1/4,도봉구,창5동,"10,277","29,013","14,288","14,725","28,929","14,252","14,677",84,36,48,2.81,"2,299"
2008.1/4,도봉구,도봉1동,"10,664","26,447","13,392","13,055","26,104","13,256","12,848",343,136,207,2.45,"3,075"
2008.1/4,도봉구,도봉2동,"12,165","33,179","16,565","16,614","33,105","16,542","16,563",74,23,51,2.72,"3,479"
2008.1/4,노원구,합계,"222,919","621,381","304,756","316,625","616,750","302,751","313,999","4,631","2,005","2,626",2.77,"51,515"
2008.1/4,노원구,월계1동,"6,913","19,485","9,648","9,837","18,615","9,251","9,364",870,397,473,2.69,"1,670"
2008.1/4,노원구,월계2동,"10,545","28,135","13,737","14,398","28,038","13,704","14,334",97,33,64,2.66,"2,735"
2008.1/4,노원구,월계3동,"9,597","27,645","13,702","13,943","27,609","13,689","13,920",36,13,23,2.88,"2,122"
2008.1/4,노원구,월계4동,"8,782","20,741","10,401","10,340","20,575","10,337","10,238",166,64,102,2.34,"2,347"
2008.1/4,노원구,공릉2동,"16,505","47,480","23,564","23,916","47,089","23,376","23,713",391,188,203,2.85,"3,150"
2008.1/4,노원구,하계1동,"11,459","31,941","15,499","16,442","31,720","15,384","16,336",221,115,106,2.77,"2,890"
2008.1/4,노원구,하계2동,"8,883","26,871","13,140","13,731","26,839","13,128","13,711",32,12,20,3.02,"2,025"
2008.1/4,노원구,중계본동,"10,079","31,371","15,505","15,866","30,829","15,253","15,576",542,252,290,3.06,"2,088"
2008.1/4,노원구,중계1동,"9,961","31,975","15,710","16,265","31,918","15,690","16,228",57,20,37,3.2,"1,810"
2008.1/4,노원구,중계2동,"6,527","18,939","9,127","9,812","18,922","9,121","9,801",17,6,11,2.9,"1,640"
2008.1/4,노원구,중계3동,"8,974","24,593","11,596","12,997","24,499","11,553","12,946",94,43,51,2.73,"3,030"
2008.1/4,노원구,중계4동,"8,479","24,530","11,897","12,633","23,863","11,640","12,223",667,257,410,2.81,"2,246"
2008.1/4,노원구,상계1동,"14,264","41,458","20,545","20,913","41,331","20,493","20,838",127,52,75,2.9,"3,480"
2008.1/4,노원구,상계2동,"8,385","23,017","11,450","11,567","22,927","11,415","11,512",90,35,55,2.73,"1,860"
2008.1/4,노원구,상계5동,"9,248","25,227","12,427","12,800","25,121","12,383","12,738",106,44,62,2.72,"2,276"
2008.1/4,노원구,상계8동,"9,394","27,702","13,481","14,221","27,678","13,474","14,204",24,7,17,2.95,"1,840"
2008.1/4,노원구,상계9동,"9,189","25,848","12,670","13,178","25,805","12,659","13,146",43,11,32,2.81,"1,896"
2008.1/4,노원구,상계10동,"8,058","21,382","10,222","11,160","21,357","10,214","11,143",25,8,17,2.65,"1,587"
2008.1/4,노원구,공릉1.3동,"16,261","42,202","20,756","21,446","41,443","20,407","21,036",759,349,410,2.55,"3,277"
2008.1/4,노원구,상계3.4동,"16,675","42,384","21,335","21,049","42,228","21,284","20,944",156,51,105,2.53,"4,661"
2008.1/4,노원구,상계6.7동,"14,741","38,455","18,344","20,111","38,344","18,296","20,048",111,48,63,2.6,"2,885"
2008.1/4,은평구,합계,"180,114","459,387","226,965","232,422","454,772","225,035","229,737","4,615","1,930","2,685",2.52,"44,040"
2008.1/4,은평구,녹번동,"15,345","36,559","17,896","18,663","36,092","17,690","18,402",467,206,261,2.35,"3,681"
2008.1/4,은평구,불광1동,"10,300","25,778","12,574","13,204","25,379","12,406","12,973",399,168,231,2.46,"2,815"
2008.1/4,은평구,불광2동,"7,957","19,371","9,605","9,766","19,279","9,566","9,713",92,39,53,2.42,"1,994"
2008.1/4,은평구,불광3동,"9,699","23,645","11,668","11,977","23,507","11,614","11,893",138,54,84,2.42,"2,312"
2008.1/4,은평구,갈현1동,"10,613","27,485","13,580","13,905","27,105","13,426","13,679",380,154,226,2.55,"2,500"
2008.1/4,은평구,갈현2동,"10,589","28,170","13,670","14,500","27,958","13,578","14,380",212,92,120,2.64,"2,516"
2008.1/4,은평구,구산동,"11,213","33,174","17,159","16,015","33,033","17,106","15,927",141,53,88,2.95,"3,139"
2008.1/4,은평구,대조동,"13,165","32,023","15,439","16,584","31,635","15,263","16,372",388,176,212,2.4,"3,226"
2008.1/4,은평구,응암1동,"13,427","33,534","16,433","17,101","32,789","16,118","16,671",745,315,430,2.44,"3,033"
2008.1/4,은평구,응암2동,"7,000","16,555","8,222","8,333","16,453","8,185","8,268",102,37,65,2.35,"1,723"
2008.1/4,은평구,응암3동,"8,429","20,489","10,206","10,283","20,386","10,172","10,214",103,34,69,2.42,"2,134"
2008.1/4,은평구,응암4동,"7,237","17,800","8,851","8,949","17,691","8,808","8,883",109,43,66,2.44,"1,930"
2008.1/4,은평구,역촌1동,"9,805","25,235","12,246","12,989","24,932","12,117","12,815",303,129,174,2.54,"2,169"
2008.1/4,은평구,역촌2동,"7,977","21,372","10,361","11,011","21,308","10,340","10,968",64,21,43,2.67,"1,795"
2008.1/4,은평구,신사1동,"10,298","28,014","13,765","14,249","27,625","13,597","14,028",389,168,221,2.68,"2,360"
2008.1/4,은평구,신사2동,"9,299","24,675","12,574","12,101","24,602","12,539","12,063",73,35,38,2.65,"2,057"
2008.1/4,은평구,증산동,"8,506","22,109","11,052","11,057","21,923","10,985","10,938",186,67,119,2.58,"2,026"
2008.1/4,은평구,수색동,"8,369","21,310","10,566","10,744","21,052","10,455","10,597",258,111,147,2.52,"2,319"
2008.1/4,은평구,진관동,886,"2,089","1,098",991,"2,023","1,070",953,66,28,38,2.28,311
2008.1/4,서대문구,합계,"143,792","355,896","173,737","182,159","346,628","169,504","177,124","9,268","4,233","5,035",2.41,"36,929"
2008.1/4,서대문구,충정로동,"4,125","8,790","4,398","4,392","8,622","4,314","4,308",168,84,84,2.09,938
2008.1/4,서대문구,천연동,"7,957","19,548","9,579","9,969","19,301","9,476","9,825",247,103,144,2.43,"2,210"
2008.1/4,서대문구,북아현1동,"4,712","10,313","5,004","5,309","9,861","4,793","5,068",452,211,241,2.09,"1,025"
2008.1/4,서대문구,북아현2동,"4,207","9,892","4,683","5,209","9,777","4,624","5,153",115,59,56,2.32,882
2008.1/4,서대문구,북아현3동,"6,155","14,711","7,210","7,501","14,601","7,161","7,440",110,49,61,2.37,"1,676"
2008.1/4,서대문구,대신동,"3,809","8,770","3,751","5,019","7,444","3,210","4,234","1,326",541,785,1.95,778
2008.1/4,서대문구,창천동,"6,273","12,123","5,722","6,401","10,940","5,167","5,773","1,183",555,628,1.74,"1,046"
2008.1/4,서대문구,연희1동,"5,977","15,712","7,689","8,023","13,964","6,842","7,122","1,748",847,901,2.34,"1,762"
2008.1/4,서대문구,연희2동,"4,452","11,246","5,502","5,744","10,901","5,331","5,570",345,171,174,2.45,"1,336"
2008.1/4,서대문구,연희3동,"7,714","17,100","8,355","8,745","16,554","8,089","8,465",546,266,280,2.15,"1,603"
2008.1/4,서대문구,홍제1동,"6,207","16,236","7,783","8,453","15,700","7,536","8,164",536,247,289,2.53,"1,848"
2008.1/4,서대문구,홍제2동,"5,216","13,086","6,370","6,716","13,019","6,343","6,676",67,27,40,2.5,"1,275"
2008.1/4,서대문구,홍제3동,"8,327","21,122","10,325","10,797","20,983","10,269","10,714",139,56,83,2.52,"2,448"
2008.1/4,서대문구,홍제4동,"6,002","16,434","7,950","8,484","16,346","7,918","8,428",88,32,56,2.72,"1,623"
2008.1/4,서대문구,홍은1동,"3,820","10,981","5,357","5,624","10,479","5,115","5,364",502,242,260,2.74,"1,205"
2008.1/4,서대문구,홍은2동,"7,338","18,753","9,352","9,401","18,657","9,316","9,341",96,36,60,2.54,"2,072"
2008.1/4,서대문구,홍은3동,"11,225","29,425","14,470","14,955","29,068","14,284","14,784",357,186,171,2.59,"2,967"
2008.1/4,서대문구,남가좌1동,"7,593","17,823","8,775","9,048","17,247","8,526","8,721",576,249,327,2.27,"2,095"
2008.1/4,서대문구,남가좌2동,"12,322","31,106","15,324","15,782","30,891","15,228","15,663",215,96,119,2.51,"3,037"
2008.1/4,서대문구,북가좌1동,"7,623","19,305","9,606","9,699","18,957","9,471","9,486",348,135,213,2.49,"1,958"
2008.1/4,서대문구,북가좌2동,"12,738","33,420","16,532","16,888","33,316","16,491","16,825",104,41,63,2.62,"3,145"
2008.1/4,마포구,합계,"169,094","402,760","197,293","205,467","394,542","193,245","201,297","8,218","4,048","4,170",2.33,"36,850"
2008.1/4,마포구,용강동,"9,071","22,299","10,859","11,440","22,076","10,751","11,325",223,108,115,2.43,"1,987"
2008.1/4,마포구,대흥동,"8,959","17,107","8,330","8,777","16,078","7,850","8,228","1,029",480,549,1.79,"1,661"
2008.1/4,마포구,염리동,"8,384","19,578","9,567","10,011","18,978","9,260","9,718",600,307,293,2.26,"1,845"
2008.1/4,마포구,신수동,"9,322","22,579","11,287","11,292","22,110","11,033","11,077",469,254,215,2.37,"2,036"
2008.1/4,마포구,서교동,"15,951","30,586","14,336","16,250","30,128","14,111","16,017",458,225,233,1.89,"2,048"
2008.1/4,마포구,합정동,"9,160","21,778","10,741","11,037","21,459","10,591","10,868",319,150,169,2.34,"1,944"
2008.1/4,마포구,망원1동,"9,899","24,908","12,309","12,599","24,435","12,109","12,326",473,200,273,2.47,"2,130"
2008.1/4,마포구,망원2동,"8,285","21,542","10,646","10,896","21,461","10,613","10,848",81,33,48,2.59,"1,800"
2008.1/4,마포구,연남동,"8,751","20,784","10,207","10,577","19,659","9,613","10,046","1,125",594,531,2.25,"2,047"
2008.1/4,마포구,성산1동,"8,129","20,291","10,018","10,273","19,856","9,818","10,038",435,200,235,2.44,"1,802"
2008.1/4,마포구,성산2동,"15,490","41,280","20,163","21,117","41,162","20,110","21,052",118,53,65,2.66,"3,435"
2008.1/4,마포구,상암동,"7,505","20,884","10,501","10,383","20,754","10,418","10,336",130,83,47,2.77,"1,671"
2008.1/4,마포구,도화동,"9,097","23,877","11,588","12,289","23,435","11,344","12,091",442,244,198,2.58,"2,520"
2008.1/4,마포구,서강동,"11,586","26,325","12,757","13,568","25,697","12,443","13,254",628,314,314,2.22,"2,718"
2008.1/4,마포구,공덕동,"16,854","40,174","19,827","20,347","38,872","19,224","19,648","1,302",603,699,2.31,"4,161"
2008.1/4,마포구,아현동,"12,651","28,768","14,157","14,611","28,382","13,957","14,425",386,200,186,2.24,"3,045"
2008.1/4,양천구,합계,"182,071","508,411","253,563","254,848","503,083","251,093","251,990","5,328","2,470","2,858",2.76,"34,498"
2008.1/4,양천구,목1동,"10,333","31,720","15,516","16,204","31,480","15,392","16,088",240,124,116,3.05,"1,713"
2008.1/4,양천구,목2동,"11,885","32,044","15,972","16,072","31,751","15,830","15,921",293,142,151,2.67,"2,287"
2008.1/4,양천구,목3동,"9,287","23,712","11,779","11,933","23,548","11,713","11,835",164,66,98,2.54,"1,652"
2008.1/4,양천구,목4동,"10,479","29,478","14,784","14,694","29,249","14,677","14,572",229,107,122,2.79,"1,826"
2008.1/4,양천구,목5동,"6,969","22,263","11,043","11,220","22,171","10,996","11,175",92,47,45,3.18,"1,249"
2008.1/4,양천구,목6동,"7,938","25,689","12,732","12,957","25,610","12,695","12,915",79,37,42,3.23,"1,418"
2008.1/4,양천구,신월1동,"10,016","25,270","12,908","12,362","24,954","12,784","12,170",316,124,192,2.49,"1,720"
2008.1/4,양천구,신월2동,"8,987","24,365","12,241","12,124","24,223","12,184","12,039",142,57,85,2.7,"1,819"
2008.1/4,양천구,신월3동,"7,783","18,692","9,574","9,118","18,392","9,460","8,932",300,114,186,2.36,"1,456"
2008.1/4,양천구,신월4동,"6,504","18,741","9,435","9,306","18,623","9,389","9,234",118,46,72,2.86,"1,402"
2008.1/4,양천구,신월5동,"5,694","15,106","7,504","7,602","14,937","7,431","7,506",169,73,96,2.62,"1,107"
2008.1/4,양천구,신월6동,"6,088","15,745","7,965","7,780","15,577","7,901","7,676",168,64,104,2.56,"1,181"
2008.1/4,양천구,신월7동,"9,441","26,592","13,340","13,252","26,376","13,252","13,124",216,88,128,2.79,"2,231"
2008.1/4,양천구,신정1동,"8,667","25,375","12,591","12,784","24,779","12,281","12,498",596,310,286,2.86,"1,661"
2008.1/4,양천구,신정2동,"7,514","23,436","11,659","11,777","23,155","11,524","11,631",281,135,146,3.08,"1,517"
2008.1/4,양천구,신정3동,"19,003","50,982","25,343","25,639","50,132","24,924","25,208",850,419,431,2.64,"3,292"
2008.1/4,양천구,신정4동,"7,212","17,958","8,949","9,009","17,664","8,821","8,843",294,128,166,2.45,"1,245"
2008.1/4,양천구,신정5동,"7,716","18,947","9,424","9,523","18,690","9,310","9,380",257,114,143,2.42,"1,413"
2008.1/4,양천구,신정6동,"8,884","28,146","13,888","14,258","28,015","13,819","14,196",131,69,62,3.15,"1,515"
2008.1/4,양천구,신정7동,"11,671","34,150","16,916","17,234","33,757","16,710","17,047",393,206,187,2.89,"2,794"
2008.1/4,강서구,합계,"217,583","575,428","284,204","291,224","568,737","280,929","287,808","6,691","3,275","3,416",2.61,"43,457"
2008.1/4,강서구,염창동,"14,109","42,043","20,915","21,128","41,788","20,782","21,006",255,133,122,2.96,"2,381"
2008.1/4,강서구,등촌1동,"8,188","21,634","10,745","10,889","21,136","10,524","10,612",498,221,277,2.58,"1,449"
2008.1/4,강서구,등촌2동,"8,210","22,899","11,510","11,389","22,831","11,477","11,354",68,33,35,2.78,"1,494"
2008.1/4,강서구,등촌3동,"14,686","39,088","18,720","20,368","38,996","18,684","20,312",92,36,56,2.66,"3,798"
2008.1/4,강서구,화곡본동,"14,220","35,571","17,522","18,049","35,307","17,402","17,905",264,120,144,2.48,"2,319"
2008.1/4,강서구,화곡1동,"8,836","22,914","11,292","11,622","21,554","10,746","10,808","1,360",546,814,2.44,"1,702"
2008.1/4,강서구,화곡2동,"7,857","20,740","10,292","10,448","20,599","10,234","10,365",141,58,83,2.62,"1,370"
2008.1/4,강서구,화곡3동,"8,660","24,122","11,866","12,256","23,984","11,804","12,180",138,62,76,2.77,"1,834"
2008.1/4,강서구,화곡4동,"9,140","22,943","11,486","11,457","22,729","11,378","11,351",214,108,106,2.49,"1,739"
2008.1/4,강서구,화곡5동,"9,291","25,057","12,380","12,677","24,921","12,318","12,603",136,62,74,2.68,"1,498"
2008.1/4,강서구,화곡6동,"9,603","24,833","12,217","12,616","24,712","12,168","12,544",121,49,72,2.57,"1,707"
2008.1/4,강서구,화곡7동,"11,158","29,021","14,394","14,627","28,769","14,287","14,482",252,107,145,2.58,"2,039"
2008.1/4,강서구,화곡8동,"10,702","27,590","13,603","13,987","27,361","13,491","13,870",229,112,117,2.56,"1,954"
2008.1/4,강서구,가양1동,"7,780","22,496","11,466","11,030","21,894","11,120","10,774",602,346,256,2.81,"1,424"
2008.1/4,강서구,가양2동,"7,862","19,239","9,279","9,960","19,198","9,265","9,933",41,14,27,2.44,"2,185"
2008.1/4,강서구,가양3동,"7,794","20,239","9,803","10,436","20,155","9,768","10,387",84,35,49,2.59,"2,148"
2008.1/4,강서구,발산1동,"8,723","25,343","12,327","13,016","25,136","12,227","12,909",207,100,107,2.88,"1,682"
2008.1/4,강서구,발산2동,"6,550","19,303","9,387","9,916","19,279","9,377","9,902",24,10,14,2.94,"1,055"
2008.1/4,강서구,공항동,"9,909","23,254","11,987","11,267","22,302","11,318","10,984",952,669,283,2.25,"2,004"
2008.1/4,강서구,방화1동,"11,775","31,377","15,767","15,610","30,688","15,456","15,232",689,311,378,2.61,"2,319"
2008.1/4,강서구,방화2동,"10,913","26,934","13,299","13,635","26,730","13,211","13,519",204,88,116,2.45,"2,669"
2008.1/4,강서구,방화3동,"11,617","28,788","13,947","14,841","28,668","13,892","14,776",120,55,65,2.47,"2,687"
2008.1/4,구로구,합계,"164,000","448,044","226,828","221,216","420,695","212,687","208,008","27,349","14,141","13,208",2.57,"34,193"
2008.1/4,구로구,신도림동,"12,624","36,568","18,285","18,283","36,223","18,096","18,127",345,189,156,2.87,"2,283"
2008.1/4,구로구,구로1동,"7,997","27,644","13,845","13,799","23,377","11,641","11,736","4,267","2,204","2,063",2.92,"1,460"
2008.1/4,구로구,구로2동,"7,497","18,598","9,548","9,050","16,722","8,576","8,146","1,876",972,904,2.23,"1,669"
2008.1/4,구로구,구로3동,"11,418","26,908","13,620","13,288","25,876","13,095","12,781","1,032",525,507,2.27,"1,761"
2008.1/4,구로구,구로4동,"6,027","14,994","7,539","7,455","14,693","7,381","7,312",301,158,143,2.44,"1,336"
2008.1/4,구로구,구로5동,"12,523","34,812","17,634","17,178","31,960","16,170","15,790","2,852","1,464","1,388",2.55,"2,476"
2008.1/4,구로구,구로6동,"5,475","16,071","8,052","8,019","12,626","6,328","6,298","3,445","1,724","1,721",2.31,"1,335"
2008.1/4,구로구,구로본동,"7,899","21,032","10,727","10,305","18,590","9,420","9,170","2,442","1,307","1,135",2.35,"1,747"
2008.1/4,구로구,가리봉1동,"5,834","16,091","8,728","7,363","10,772","5,894","4,878","5,319","2,834","2,485",1.85,"1,368"
2008.1/4,구로구,가리봉2동,"2,530","7,338","3,864","3,474","5,161","2,719","2,442","2,177","1,145","1,032",2.04,592
2008.1/4,구로구,고척1동,"9,488","26,617","13,445","13,172","26,095","13,170","12,925",522,275,247,2.75,"2,105"
2008.1/4,구로구,고척2동,"10,805","28,831","14,731","14,100","28,583","14,612","13,971",248,119,129,2.65,"2,289"
2008.1/4,구로구,개봉1동,"6,672","17,911","9,069","8,842","17,240","8,748","8,492",671,321,350,2.58,"1,412"
2008.1/4,구로구,개봉2동,"12,903","36,452","18,097","18,355","36,251","18,012","18,239",201,85,116,2.81,"2,722"
2008.1/4,구로구,개봉3동,"8,442","22,927","11,450","11,477","22,784","11,395","11,389",143,55,88,2.7,"1,683"
2008.1/4,구로구,개봉본동,"8,000","20,843","10,515","10,328","20,575","10,378","10,197",268,137,131,2.57,"1,562"
2008.1/4,구로구,오류1동,"8,034","21,528","10,773","10,755","20,968","10,524","10,444",560,249,311,2.61,"1,906"
2008.1/4,구로구,오류2동,"11,556","30,604","15,589","15,015","30,212","15,383","14,829",392,206,186,2.61,"2,599"
2008.1/4,구로구,수궁동,"8,276","22,275","11,317","10,958","21,987","11,145","10,842",288,172,116,2.66,"1,888"
2008.1/4,금천구,합계,"99,491","266,126","135,965","130,161","248,842","126,779","122,063","17,284","9,186","8,098",2.5,"21,018"
2008.1/4,금천구,가산동,"8,958","24,371","13,452","10,919","18,821","10,302","8,519","5,550","3,150","2,400",2.1,"1,766"
2008.1/4,금천구,독산1동,"12,144","35,458","18,193","17,265","31,127","15,876","15,251","4,331","2,317","2,014",2.56,"2,863"
2008.1/4,금천구,독산2동,"10,151","25,317","12,874","12,443","24,617","12,537","12,080",700,337,363,2.43,"1,721"
2008.1/4,금천구,독산3동,"12,598","32,867","16,607","16,260","29,946","15,083","14,863","2,921","1,524","1,397",2.38,"2,382"
2008.1/4,금천구,독산4동,"8,307","20,806","10,665","10,141","20,110","10,310","9,800",696,355,341,2.42,"1,381"
2008.1/4,금천구,시흥1동,"13,488","34,833","17,614","17,219","32,533","16,471","16,062","2,300","1,143","1,157",2.41,"3,007"
2008.1/4,금천구,시흥2동,"8,748","26,113","13,036","13,077","26,048","13,006","13,042",65,30,35,2.98,"2,165"
2008.1/4,금천구,시흥3동,"4,969","13,597","6,897","6,700","13,511","6,863","6,648",86,34,52,2.72,"1,306"
2008.1/4,금천구,시흥4동,"10,039","26,555","13,368","13,187","26,186","13,196","12,990",369,172,197,2.61,"2,007"
2008.1/4,금천구,시흥5동,"10,089","26,209","13,259","12,950","25,943","13,135","12,808",266,124,142,2.57,"2,420"
2008.1/4,영등포구,합계,"166,640","442,546","223,976","218,570","408,080","206,009","202,071","34,466","17,967","16,499",2.45,"37,726"
2008.1/4,영등포구,영등포1동,"6,266","16,866","8,540","8,326","15,779","7,961","7,818","1,087",579,508,2.52,"1,145"
2008.1/4,영등포구,영등포2동,"4,057","6,718","4,156","2,562","6,255","3,939","2,316",463,217,246,1.54,773
2008.1/4,영등포구,영등포3동,"5,052","12,245","6,278","5,967","11,799","6,043","5,756",446,235,211,2.34,"1,213"
2008.1/4,영등포구,여의동,"11,726","32,559","15,891","16,668","31,868","15,482","16,386",691,409,282,2.72,"3,384"
2008.1/4,영등포구,당산1동,"8,924","21,398","10,804","10,594","20,787","10,489","10,298",611,315,296,2.33,"2,049"
2008.1/4,영등포구,당산2동,"12,608","33,452","16,568","16,884","32,757","16,197","16,560",695,371,324,2.6,"2,799"
2008.1/4,영등포구,도림1동,"3,560","10,094","5,138","4,956","7,819","3,983","3,836","2,275","1,155","1,120",2.2,872
2008.1/4,영등포구,도림2동,"6,239","15,125","7,733","7,392","14,005","7,155","6,850","1,120",578,542,2.24,"1,250"
2008.1/4,영등포구,문래1동,"5,795","15,961","7,992","7,969","15,771","7,875","7,896",190,117,73,2.72,"1,507"
2008.1/4,영등포구,문래2동,"5,578","15,432","7,788","7,644","15,271","7,688","7,583",161,100,61,2.74,"1,097"
2008.1/4,영등포구,양평1동,"6,864","17,143","8,756","8,387","16,756","8,539","8,217",387,217,170,2.44,"1,495"
2008.1/4,영등포구,양평2동,"7,971","21,949","11,221","10,728","21,581","11,011","10,570",368,210,158,2.71,"1,515"
2008.1/4,영등포구,신길1동,"9,651","26,203","13,227","12,976","21,253","10,691","10,562","4,950","2,536","2,414",2.2,"2,426"
2008.1/4,영등포구,신길2동,"4,770","11,636","5,914","5,722","10,446","5,286","5,160","1,190",628,562,2.19,"1,141"
2008.1/4,영등포구,신길3동,"8,299","21,361","10,751","10,610","20,549","10,341","10,208",812,410,402,2.48,"1,871"
2008.1/4,영등포구,신길4동,"5,851","14,905","7,571","7,334","14,081","7,154","6,927",824,417,407,2.41,"1,359"
2008.1/4,영등포구,신길5동,"7,478","23,076","11,793","11,283","17,570","8,960","8,610","5,506","2,833","2,673",2.35,"1,780"
2008.1/4,영등포구,신길6동,"9,703","26,131","13,022","13,109","24,895","12,404","12,491","1,236",618,618,2.57,"2,252"
2008.1/4,영등포구,신길7동,"7,595","20,608","10,342","10,266","19,925","9,996","9,929",683,346,337,2.62,"1,661"
2008.1/4,영등포구,대림1동,"7,811","20,166","10,191","9,975","18,710","9,436","9,274","1,456",755,701,2.4,"1,723"
2008.1/4,영등포구,대림2동,"8,638","26,283","13,435","12,848","19,459","9,753","9,706","6,824","3,682","3,142",2.25,"2,039"
2008.1/4,영등포구,대림3동,"12,204","33,235","16,865","16,370","30,744","15,626","15,118","2,491","1,239","1,252",2.52,"2,375"
2008.1/4,동작구,합계,"164,511","416,525","205,815","210,710","406,489","201,046","205,443","10,036","4,769","5,267",2.47,"37,667"
2008.1/4,동작구,노량진1동,"8,724","22,066","11,097","10,969","21,462","10,791","10,671",604,306,298,2.46,"2,201"
2008.1/4,동작구,노량진2동,"8,000","18,104","9,009","9,095","17,288","8,595","8,693",816,414,402,2.16,"1,788"
2008.1/4,동작구,상도1동,"16,306","40,044","19,711","20,333","39,140","19,324","19,816",904,387,517,2.4,"3,660"
2008.1/4,동작구,상도2동,"10,187","24,910","12,314","12,596","24,686","12,224","12,462",224,90,134,2.42,"2,393"
2008.1/4,동작구,상도3동,"9,553","24,451","12,038","12,413","24,282","11,959","12,323",169,79,90,2.54,"2,416"
2008.1/4,동작구,상도4동,"11,759","30,385","15,157","15,228","30,185","15,074","15,111",200,83,117,2.57,"2,847"
2008.1/4,동작구,본동,"5,747","14,181","7,056","7,125","13,906","6,935","6,971",275,121,154,2.42,"1,398"
2008.1/4,동작구,동작동,"7,805","20,197","9,947","10,250","19,069","9,428","9,641","1,128",519,609,2.44,"1,825"
2008.1/4,동작구,사당1동,"10,344","23,601","11,461","12,140","23,157","11,244","11,913",444,217,227,2.24,"1,781"
2008.1/4,동작구,사당2동,"5,015","12,825","6,214","6,611","12,713","6,167","6,546",112,47,65,2.53,"1,126"
2008.1/4,동작구,사당3동,"10,455","27,663","13,800","13,863","27,359","13,624","13,735",304,176,128,2.62,"2,419"
2008.1/4,동작구,사당4동,"5,755","14,100","6,916","7,184","13,977","6,868","7,109",123,48,75,2.43,"1,257"
2008.1/4,동작구,사당5동,"6,219","15,901","7,924","7,977","15,844","7,904","7,940",57,20,37,2.55,"1,247"
2008.1/4,동작구,대방동,"14,530","39,734","19,533","20,201","39,336","19,345","19,991",398,188,210,2.71,"3,256"
2008.1/4,동작구,신대방1동,"10,063","29,885","14,789","15,096","26,767","13,199","13,568","3,118","1,590","1,528",2.66,"2,214"
2008.1/4,동작구,신대방2동,"7,940","21,095","10,317","10,778","20,897","10,221","10,676",198,96,102,2.63,"1,792"
2008.1/4,동작구,흑석동,"16,109","37,383","18,532","18,851","36,421","18,144","18,277",962,388,574,2.26,"4,047"
2008.1/4,관악구,합계,"238,820","553,196","281,083","272,113","536,307","272,987","263,320","16,889","8,096","8,793",2.25,"43,446"
2008.1/4,관악구,봉천본동,"7,206","20,067","9,927","10,140","17,091","8,538","8,553","2,976","1,389","1,587",2.37,"1,578"
2008.1/4,관악구,봉천1동,"11,247","27,464","13,798","13,666","27,216","13,684","13,532",248,114,134,2.42,"2,308"
2008.1/4,관악구,봉천2동,"5,266","14,231","7,101","7,130","14,135","7,057","7,078",96,44,52,2.68,"1,360"
2008.1/4,관악구,봉천3동,"6,892","17,952","8,866","9,086","17,863","8,822","9,041",89,44,45,2.59,"1,537"
2008.1/4,관악구,봉천4동,"10,105","18,457","9,373","9,084","18,112","9,210","8,902",345,163,182,1.79,"1,207"
2008.1/4,관악구,봉천5동,"7,655","21,585","10,719","10,866","21,516","10,695","10,821",69,24,45,2.81,"1,842"
2008.1/4,관악구,봉천6동,"14,445","30,611","15,357","15,254","30,270","15,207","15,063",341,150,191,2.1,"2,360"
2008.1/4,관악구,봉천7동,"9,441","18,326","9,435","8,891","17,957","9,277","8,680",369,158,211,1.9,"1,265"
2008.1/4,관악구,봉천8동,"7,107","17,160","8,652","8,508","15,931","8,038","7,893","1,229",614,615,2.24,"1,428"
2008.1/4,관악구,봉천9동,"7,518","20,287","10,205","10,082","20,190","10,171","10,019",97,34,63,2.69,"1,561"
2008.1/4,관악구,봉천10동,"6,898","14,978","7,521","7,457","14,605","7,339","7,266",373,182,191,2.12,"1,348"
2008.1/4,관악구,봉천11동,"13,074","29,344","14,633","14,711","29,095","14,523","14,572",249,110,139,2.23,"2,272"
2008.1/4,관악구,남현동,"7,950","18,241","9,012","9,229","17,953","8,869","9,084",288,143,145,2.26,"1,429"
2008.1/4,관악구,신림본동,"12,048","28,049","14,115","13,934","24,482","12,376","12,106","3,567","1,739","1,828",2.03,"1,888"
2008.1/4,관악구,신림1동,"9,503","21,782","10,757","11,025","21,144","10,436","10,708",638,321,317,2.22,"1,808"
2008.1/4,관악구,신림2동,"13,008","25,317","13,877","11,440","25,133","13,811","11,322",184,66,118,1.93,"1,881"
2008.1/4,관악구,신림3동,"7,015","17,965","9,142","8,823","17,849","9,106","8,743",116,36,80,2.54,"1,467"
2008.1/4,관악구,신림4동,"11,894","28,216","14,073","14,143","26,242","13,105","13,137","1,974",968,"1,006",2.21,"1,864"
2008.1/4,관악구,신림5동,"10,019","17,392","8,654","8,738","16,985","8,458","8,527",407,196,211,1.7,"1,157"
2008.1/4,관악구,신림6동,"4,819","10,902","5,642","5,260","10,789","5,604","5,185",113,38,75,2.24,"1,364"
2008.1/4,관악구,신림7동,"6,730","18,196","9,075","9,121","18,039","8,968","9,071",157,107,50,2.68,"1,344"
2008.1/4,관악구,신림8동,"8,348","20,526","10,352","10,174","18,456","9,294","9,162","2,070","1,058","1,012",2.21,"1,665"
2008.1/4,관악구,신림9동,"13,092","23,250","13,785","9,465","22,924","13,629","9,295",326,156,170,1.75,"1,575"
2008.1/4,관악구,신림10동,"7,888","21,392","10,797","10,595","21,285","10,751","10,534",107,46,61,2.7,"1,958"
2008.1/4,관악구,신림11동,"5,974","15,451","7,788","7,663","15,308","7,720","7,588",143,68,75,2.56,"1,089"
2008.1/4,관악구,신림12동,"7,552","20,589","10,483","10,106","20,451","10,433","10,018",138,50,88,2.71,"1,529"
2008.1/4,관악구,신림13동,"6,126","15,466","7,944","7,522","15,286","7,866","7,420",180,78,102,2.5,"1,362"
2008.1/4,서초구,합계,"159,299","412,898","200,765","212,133","406,742","197,866","208,876","6,156","2,899","3,257",2.55,"29,680"
2008.1/4,서초구,서초1동,"8,524","21,712","10,589","11,123","20,584","10,005","10,579","1,128",584,544,2.41,"1,409"
2008.1/4,서초구,서초2동,"8,756","23,348","11,473","11,875","23,187","11,395","11,792",161,78,83,2.65,"1,555"
2008.1/4,서초구,서초3동,"11,994","31,188","15,676","15,512","30,075","15,157","14,918","1,113",519,594,2.51,"2,399"
2008.1/4,서초구,서초4동,"9,773","28,425","13,857","14,568","28,241","13,784","14,457",184,73,111,2.89,"1,890"
2008.1/4,서초구,잠원동,"15,294","38,004","18,201","19,803","37,418","17,920","19,498",586,281,305,2.45,"2,386"
2008.1/4,서초구,반포본동,"4,555","14,297","6,725","7,572","13,568","6,369","7,199",729,356,373,2.98,"1,139"
2008.1/4,서초구,반포1동,"9,492","18,712","8,900","9,812","18,538","8,817","9,721",174,83,91,1.95,994
2008.1/4,서초구,반포2동,"4,485","13,249","6,410","6,839","13,201","6,381","6,820",48,29,19,2.94,903
2008.1/4,서초구,반포3동,"8,675","24,474","11,728","12,746","24,404","11,699","12,705",70,29,41,2.81,"1,774"
2008.1/4,서초구,반포4동,"7,570","20,999","10,184","10,815","20,702","10,047","10,655",297,137,160,2.73,"1,449"
2008.1/4,서초구,방배본동,"7,534","21,123","10,019","11,104","21,007","9,974","11,033",116,45,71,2.79,"1,653"
2008.1/4,서초구,방배1동,"6,751","16,851","8,108","8,743","16,736","8,063","8,673",115,45,70,2.48,"1,302"
2008.1/4,서초구,방배2동,"11,945","30,493","14,768","15,725","30,314","14,703","15,611",179,65,114,2.54,"2,291"
2008.1/4,서초구,방배3동,"9,462","26,016","12,785","13,231","25,850","12,698","13,152",166,87,79,2.73,"1,960"
2008.1/4,서초구,방배4동,"10,075","25,849","12,262","13,587","25,678","12,179","13,499",171,83,88,2.55,"1,948"
2008.1/4,서초구,양재1동,"11,337","27,817","13,578","14,239","27,205","13,303","13,902",612,275,337,2.4,"2,305"
2008.1/4,서초구,양재2동,"10,393","23,475","11,836","11,639","23,331","11,792","11,539",144,44,100,2.24,"1,479"
2008.1/4,서초구,내곡동,"2,684","6,866","3,666","3,200","6,703","3,580","3,123",163,86,77,2.5,844
2008.1/4,강남구,합계,"227,108","570,959","275,482","295,477","562,509","271,259","291,250","8,450","4,223","4,227",2.48,"37,765"
2008.1/4,강남구,신사동,"8,576","21,825","10,225","11,600","20,875","9,789","11,086",950,436,514,2.43,"1,812"
2008.1/4,강남구,논현1동,"14,809","28,122","13,041","15,081","27,118","12,576","14,542","1,004",465,539,1.83,"1,773"
2008.1/4,강남구,논현2동,"11,438","24,213","11,481","12,732","24,139","11,455","12,684",74,26,48,2.11,"1,693"
2008.1/4,강남구,압구정1동,"6,384","17,408","8,293","9,115","17,364","8,278","9,086",44,15,29,2.72,"1,619"
2008.1/4,강남구,압구정2동,"4,901","12,112","5,656","6,456","12,084","5,650","6,434",28,6,22,2.47,"1,213"
2008.1/4,강남구,청담1동,"6,602","18,665","9,084","9,581","18,103","8,803","9,300",562,281,281,2.74,"1,415"
2008.1/4,강남구,청담2동,"5,485","12,901","6,172","6,729","12,865","6,156","6,709",36,16,20,2.35,819
2008.1/4,강남구,삼성1동,"5,956","16,378","8,357","8,021","15,549","7,886","7,663",829,471,358,2.61,"1,144"
2008.1/4,강남구,삼성2동,"11,335","25,996","12,523","13,473","25,953","12,499","13,454",43,24,19,2.29,"1,522"
2008.1/4,강남구,대치1동,"7,819","26,868","13,268","13,600","25,851","12,731","13,120","1,017",537,480,3.31,"1,382"
2008.1/4,강남구,대치2동,"8,354","27,135","13,715","13,420","27,112","13,705","13,407",23,10,13,3.25,"1,414"
2008.1/4,강남구,대치3동,"6,421","18,112","9,226","8,886","17,994","9,171","8,823",118,55,63,2.8,"1,024"
2008.1/4,강남구,대치4동,"10,614","22,070","10,326","11,744","21,985","10,285","11,700",85,41,44,2.07,"1,117"
2008.1/4,강남구,역삼1동,"20,575","37,266","17,834","19,432","35,787","17,077","18,710","1,479",757,722,1.74,"2,070"
2008.1/4,강남구,역삼2동,"13,501","32,836","15,449","17,387","32,766","15,411","17,355",70,38,32,2.43,"1,910"
2008.1/4,강남구,도곡1동,"8,406","23,532","11,467","12,065","22,736","11,010","11,726",796,457,339,2.7,"1,510"
2008.1/4,강남구,도곡2동,"12,343","34,725","16,641","18,084","34,576","16,547","18,029",149,94,55,2.8,"2,244"
2008.1/4,강남구,개포1동,"8,142","22,757","10,985","11,772","22,352","10,788","11,564",405,197,208,2.75,"1,374"
2008.1/4,강남구,개포2동,"7,829","19,646","9,391","10,255","19,617","9,380","10,237",29,11,18,2.51,"1,190"
2008.1/4,강남구,개포3동,"5,438","17,108","8,260","8,848","16,840","8,150","8,690",268,110,158,3.1,864
2008.1/4,강남구,개포4동,"9,767","24,501","12,058","12,443","24,347","12,000","12,347",154,58,96,2.49,"1,375"
2008.1/4,강남구,일원본동,"7,723","23,600","11,583","12,017","23,570","11,572","11,998",30,11,19,3.05,"1,283"
2008.1/4,강남구,일원1동,"7,719","19,752","9,741","10,011","19,704","9,718","9,986",48,23,25,2.55,"1,724"
2008.1/4,강남구,일원2동,"7,314","20,045","9,740","10,305","20,035","9,736","10,299",10,4,6,2.74,"1,434"
2008.1/4,강남구,수서동,"7,636","18,107","8,244","9,863","17,971","8,197","9,774",136,47,89,2.35,"2,178"
2008.1/4,강남구,세곡동,"2,021","5,279","2,722","2,557","5,216","2,689","2,527",63,33,30,2.58,662
2008.1/4,송파구,합계,"240,194","637,163","313,785","323,378","629,686","310,338","319,348","7,477","3,447","4,030",2.62,"43,031"
2008.1/4,송파구,풍납1동,"8,381","21,744","10,760","10,984","20,838","10,336","10,502",906,424,482,2.49,"1,639"
2008.1/4,송파구,풍납2동,"11,516","30,298","14,741","15,557","30,233","14,713","15,520",65,28,37,2.63,"2,000"
2008.1/4,송파구,거여1동,"5,992","16,695","8,426","8,269","16,354","8,291","8,063",341,135,206,2.73,"1,100"
2008.1/4,송파구,거여2동,"11,809","31,071","15,708","15,363","30,943","15,650","15,293",128,58,70,2.62,"2,307"
2008.1/4,송파구,마천1동,"8,068","20,224","10,283","9,941","19,797","10,131","9,666",427,152,275,2.45,"1,709"
2008.1/4,송파구,마천2동,"8,781","23,903","12,152","11,751","23,803","12,109","11,694",100,43,57,2.71,"2,070"
2008.1/4,송파구,방이1동,"6,323","18,322","9,059","9,263","17,705","8,771","8,934",617,288,329,2.8,"1,174"
2008.1/4,송파구,방이2동,"11,246","26,270","12,933","13,337","26,204","12,908","13,296",66,25,41,2.33,"1,679"
2008.1/4,송파구,오륜동,"6,448","21,503","10,487","11,016","21,455","10,465","10,990",48,22,26,3.33,"1,167"
2008.1/4,송파구,오금동,"14,541","39,946","19,916","20,030","39,611","19,752","19,859",335,164,171,2.72,"2,814"
2008.1/4,송파구,송파1동,"11,693","28,739","13,964","14,775","28,060","13,653","14,407",679,311,368,2.4,"1,866"
2008.1/4,송파구,송파2동,"7,823","23,389","11,519","11,870","23,323","11,490","11,833",66,29,37,2.98,"1,400"
2008.1/4,송파구,석촌동,"15,998","37,032","18,185","18,847","36,228","17,812","18,416",804,373,431,2.26,"2,238"
2008.1/4,송파구,삼전동,"15,470","35,699","17,297","18,402","35,329","17,136","18,193",370,161,209,2.28,"1,983"
2008.1/4,송파구,가락본동,"11,486","30,871","15,455","15,416","30,157","15,110","15,047",714,345,369,2.63,"1,883"
2008.1/4,송파구,가락1동,"7,802","19,608","9,621","9,987","19,584","9,610","9,974",24,11,13,2.51,"1,316"
2008.1/4,송파구,가락2동,"12,589","36,610","18,197","18,413","36,524","18,154","18,370",86,43,43,2.9,"2,018"
2008.1/4,송파구,문정1동,"8,493","23,752","11,653","12,099","23,359","11,459","11,900",393,194,199,2.75,"1,478"
2008.1/4,송파구,문정2동,"5,716","17,144","8,425","8,719","17,090","8,399","8,691",54,26,28,2.99,"1,665"
2008.1/4,송파구,장지동,"9,909","26,334","13,038","13,296","26,228","12,980","13,248",106,58,48,2.65,"1,827"
2008.1/4,송파구,잠실본동,"14,602","33,052","15,683","17,369","32,185","15,274","16,911",867,409,458,2.2,"1,891"
2008.1/4,송파구,잠실1동,-,7,3,4,-,-,-,7,3,4,-,1
2008.1/4,송파구,잠실2동,-,1,1,-,-,-,-,1,1,-,-,1
2008.1/4,송파구,잠실3동,"8,064","23,067","11,178","11,889","23,050","11,166","11,884",17,12,5,2.86,"1,408"
2008.1/4,송파구,잠실4동,"3,220","9,246","4,504","4,742","9,096","4,427","4,669",150,77,73,2.82,802
2008.1/4,송파구,잠실5동,"4,750","14,238","6,944","7,294","14,213","6,929","7,284",25,15,10,2.99,"1,106"
2008.1/4,송파구,잠실6동,"5,937","17,409","8,437","8,972","17,395","8,430","8,965",14,7,7,2.93,"1,395"
2008.1/4,송파구,잠실7동,"3,537","10,989","5,216","5,773","10,922","5,183","5,739",67,33,34,3.09,"1,094"
2008.1/4,강동구,합계,"175,032","469,999","235,551","234,448","465,204","233,512","231,692","4,795","2,039","2,756",2.66,"32,197"
2008.1/4,강동구,강일동,242,528,286,242,525,284,241,3,2,1,2.17,80
2008.1/4,강동구,상일동,"10,118","30,237","15,208","15,029","30,099","15,142","14,957",138,66,72,2.97,"1,837"
2008.1/4,강동구,명일1동,"10,177","29,919","14,780","15,139","29,756","14,699","15,057",163,81,82,2.92,"1,964"
2008.1/4,강동구,명일2동,"6,135","19,648","9,846","9,802","19,637","9,843","9,794",11,3,8,3.2,"1,153"
2008.1/4,강동구,고덕1동,"7,370","21,771","10,981","10,790","21,587","10,914","10,673",184,67,117,2.93,"1,430"
2008.1/4,강동구,고덕2동,"7,342","20,483","10,500","9,983","20,426","10,474","9,952",57,26,31,2.78,"1,434"
2008.1/4,강동구,암사1동,"9,862","24,284","12,146","12,138","23,845","11,972","11,873",439,174,265,2.42,"1,849"
2008.1/4,강동구,암사2동,"5,970","16,481","8,164","8,317","16,446","8,152","8,294",35,12,23,2.75,"1,010"
2008.1/4,강동구,암사3동,"2,842","8,454","4,252","4,202","8,426","4,231","4,195",28,21,7,2.96,579
2008.1/4,강동구,암사4동,"6,063","16,279","8,133","8,146","16,234","8,117","8,117",45,16,29,2.68,"1,129"
2008.1/4,강동구,천호1동,"12,926","34,144","17,102","17,042","33,038","16,666","16,372","1,106",436,670,2.56,"2,515"
2008.1/4,강동구,천호2동,"7,146","16,884","8,474","8,410","15,982","8,058","7,924",902,416,486,2.24,"1,242"
2008.1/4,강동구,천호3동,"13,169","29,909","15,052","14,857","29,613","14,922","14,691",296,130,166,2.25,"2,414"
2008.1/4,강동구,천호4동,"9,285","22,404","11,290","11,114","22,208","11,212","10,996",196,78,118,2.39,"1,792"
2008.1/4,강동구,성내1동,"7,887","21,824","10,921","10,903","21,781","10,898","10,883",43,23,20,2.76,"1,456"
2008.1/4,강동구,성내2동,"11,862","28,204","13,993","14,211","27,796","13,805","13,991",408,188,220,2.34,"2,175"
2008.1/4,강동구,성내3동,"9,932","25,401","12,712","12,689","25,313","12,680","12,633",88,32,56,2.55,"1,703"
2008.1/4,강동구,길1동,"9,788","25,406","12,620","12,786","25,051","12,459","12,592",355,161,194,2.56,"1,715"
2008.1/4,강동구,길2동,"10,062","27,888","13,823","14,065","27,808","13,792","14,016",80,31,49,2.76,"1,726"
2008.1/4,강동구,둔촌1동,"6,848","21,759","11,292","10,467","21,596","11,231","10,365",163,61,102,3.15,"1,059"
2008.1/4,강동구,둔촌2동,"10,006","28,092","13,976","14,116","28,037","13,961","14,076",55,15,40,2.8,"1,935"
